ID;Estado;Prioridad;Keyword principal;Keywords secundarias;Título;Slug;Categoría;Tipo;Intención;URL actual;URL propuesta;Acción;Impresiones;Clics;CTR;Posición;Canibalización;Contenido relacionado;Enlaces internos;Fecha propuesta;Notas;Responsable
E01;POR_OPTIMIZAR;P2;poemas cristianos para adolescentes;"adolescentes cristianos; poemas para adolescentes; identidad cristiana";Como el Viento que Pasa;como-el-viento-que-pasa-manos-que-no-sueltan;Poemas Cristianos Para Adolescentes;colección de poemas;;/poemas/como-el-viento-que-pasa-manos-que-no-sueltan/;/poemas/como-el-viento-que-pasa-manos-que-no-sueltan/;OPTIMIZE;;;;;ninguna;cat Adolescentes (única pieza);cat Adolescentes;;"Título 100% artístico sin keyword; añadir bloque Explorar (0 enlaces internos)";Rodrigo
E02;PUBLICADO;P3;poemas de amar a Dios;"amar a Dios; poema cristiano; amor bíblico";Poema Cristiano sobre Amar a Dios;poemas-amar-a-dios;Poemas Bíblicos de Amor;colección de poemas;;/poemas/poemas-amar-a-dios/;/poemas/poemas-amar-a-dios/;OPTIMIZE;;;;;baja;cat Amor;añadir Explorar (0 enlaces);;H1/title alineados + bloque Explorar (2026-08-31);Rodrigo
E03;PUBLICADO;P3;poemas bíblicos del hogar;"poemas bíblicos del hogar; poemas de amor cristiano familia; amor en el hogar cristiano";Poemas Bíblicos del Hogar | Versos de amor para la familia cristiana;poemas-biblicos-del-hogar;Poemas Bíblicos de Amor;colección de poemas;;/poemas/poemas-biblicos-del-hogar/;/poemas/poemas-biblicos-del-hogar/;KEEP;;;;;baja;su categoría;ya enlazado;;;Rodrigo
E04;POR_REVISAR;P3;biblical poems for mothers day;"biblical poems; mother day";Biblical Poems for Mothers Day;biblical-mothers-day-poems;Biblical Poems for Mothers Day;colección de poemas;;/poemas/biblical-mothers-day-poems/;/poemas/biblical-mothers-day-poems/;KEEP;;;;;ninguna (EN);cat Mothers Day EN;cat EN;;"URL nueva (jul-2026, quitado slug conflictivo): vigilar indexación; contenido EN fuerte (10 poemas)";Rodrigo
E05;PUBLICADO;P3;poema para tener esperanza;"esperanza; fe; dios";Tres Cantos para Tener Esperanza;poema-para-tener-esperanza;Poemas Cristianos de Esperanza;colección de poemas;;/poemas/poema-para-tener-esperanza/;/poemas/poema-para-tener-esperanza/;OPTIMIZE;;;;;baja;cat Esperanza;añadir Explorar (0 enlaces);;H1/title alineados + bloque Explorar (2026-08-31);Rodrigo
E06;PUBLICADO;P3;poemas del hogar cristiano;"poemas del hogar cristiano; poema cristiano del hogar; esperanza en familia";Poemas del Hogar Cristiano | Versos de esperanza para la familia;poemas-del-hogar-cristiano;Poemas Cristianos de Esperanza;colección de poemas;;/poemas/poemas-del-hogar-cristiano/;/poemas/poemas-del-hogar-cristiano/;KEEP;;;;;baja;su categoría;ya enlazado;;;Rodrigo
E07;PUBLICADO;P3;poemas bíblicos de familia;"poemas bíblicos de familia; poemas de fe en familia; hogar cristiano";Poemas Bíblicos de Familia | Versos de fe para el hogar cristiano;poemas-biblicos-de-familia;Poemas Cristianos de Fe;colección de poemas;;/poemas/poemas-biblicos-de-familia/;/poemas/poemas-biblicos-de-familia/;KEEP;;;;;baja;su categoría;ya enlazado;;;Rodrigo
E08;PUBLICADO;P3;poemas de fe en familia;"poemas de fe en familia; poemas bíblicos de fe; familia creyente";Poemas de Fe en Familia | Versos bíblicos para el hogar creyente;poemas-de-fe-en-familia;Poemas Cristianos de Fe;colección de poemas;;/poemas/poemas-de-fe-en-familia/;/poemas/poemas-de-fe-en-familia/;KEEP;;;;;baja;su categoría;ya enlazado;;;Rodrigo
E09;PUBLICADO;P2;poemas de fe;"fe en Dios; poema cristiano; poemas bíblicos de fe";Poema Cristiano sobre la Fe en Dios;poemas-de-fe;Poemas Cristianos de Fe;colección de poemas;;/poemas/poemas-de-fe/;/poemas/poemas-de-fe/;OPTIMIZE;;;;;media con categoría Poemas Cristianos de Fe;cat Fe;añadir Explorar (0 enlaces);;Diferenciado a 'poemas de fe en Dios' + bloque Explorar (2026-08-31);Rodrigo
E10;PUBLICADO;P3;poemas sobre valores cristianos en familia;"poemas valores cristianos familia; poema cristiano fidelidad en el hogar; valores bíblicos en familia";Poemas sobre Valores Cristianos en Familia | Versos bíblicos del hogar;poemas-valores-cristianos-en-familia;Poemas Cristianos de Fe;colección de poemas;;/poemas/poemas-valores-cristianos-en-familia/;/poemas/poemas-valores-cristianos-en-familia/;KEEP;;;;;baja;su categoría;ya enlazado;;;Rodrigo
E11;PUBLICADO;P1;poemas cristianos para niños;"poemas para niños; poemas cristianos para niños; versos para niños";Poemas Cristianos para Niños | Versos bíblicos para el corazón infantil;poemas-para-ninos-cristianos;Poemas para Niños;colección de poemas;;/poemas/poemas-para-ninos-cristianos/;/poemas/poemas-para-ninos-cristianos/;REWRITE;;;;;ninguna;cat Niños (única pieza);home CategoryGrid;;Reescrito y publicado 2026-08-31: 4 poemas con estructura canonica (antes 93 palabras sin poemas);Rodrigo
E12;POR_OPTIMIZAR;P2;poemas cristianos para jóvenes;"poemas para jóvenes; poemas cristianos para jóvenes; poemas bíblicos para jóvenes";Poemas Cristianos para Jóvenes | Versos bíblicos para las nuevas generaciones;poemas-jovenes;Poemas Cristianos para Jóvenes;colección de poemas;;/poemas/poemas-jovenes/;/poemas/poemas-jovenes/;OPTIMIZE;306;11;3,6% (URL de categoría);;media: H2 repite el H1 literal;"poemas-de-reflexion-para-jovenes; cat Jóvenes";cat Jóvenes;;"El primer H2 duplica el H1; los clics GSC los recibe la URL de la categoría";Rodrigo
E13;PUBLICADO;P2;poemas bíblicos para la mujer;"mujer cristiana; poemas bíblicos";Poemas Cristianos para la Mujer;poemas-biblicos-mujer;Poemas Cristianos para la Mujer;colección de poemas;;/poemas/poemas-biblicos-mujer/;/poemas/poemas-biblicos-mujer/;OPTIMIZE;;;;;baja;poemas-para-la-esposa-cristiana;cat Mujer;;Title diferenciado de la categoria, sin tabla de contenido, bloque Explorar (2026-08-31);Rodrigo
E14;PUBLICADO;P3;poemas para la esposa cristiana;"poemas para la esposa cristiana; poema cristiano para la esposa fiel; mujer creyente en el hogar";Poemas para la Esposa Cristiana | Versos bíblicos de amor y gratitud;poemas-para-la-esposa-cristiana;Poemas Cristianos para la Mujer;colección de poemas;;/poemas/poemas-para-la-esposa-cristiana/;/poemas/poemas-para-la-esposa-cristiana/;KEEP;;;;;baja;su categoría;ya enlazado;;;Rodrigo
E15;PUBLICADO;P1;poemas cristianos para la familia;"familia cristiana; poemas para la familia; unidad familiar";Poemas Cristianos para la Familia | Versos bíblicos de unidad, fe y consuelo;poemas-cristianos-para-la-familia;Poemas Cristianos Sobre La Familia;colección de poemas;;/poemas/poemas-cristianos-para-la-familia/;/poemas/poemas-cristianos-para-la-familia/;KEEP;738;24;3,3%;;controlada (union-familiar retargetizado);"union-familiar; cat Familia";desde cat Familia y hogar cluster;;DEFENDER: URL con tracción;Rodrigo
E16;PUBLICADO;P3;poemas cristianos sobre la unión familiar;"poemas cristianos sobre la unión familiar; poemas bíblicos del hogar; familia cristiana";Poemas Cristianos sobre la Unión Familiar | Versos bíblicos para el hogar;poemas-cristianos-sobre-la-union-familiar;Poemas Cristianos Sobre La Familia;colección de poemas;;/poemas/poemas-cristianos-sobre-la-union-familiar/;/poemas/poemas-cristianos-sobre-la-union-familiar/;KEEP;;;;;controlada;para-la-familia;ya enlazado;;Retitulado el 2026-07 para eliminar duplicado de keyword;Rodrigo
E17;POR_REVISAR;P2;poemas bíblicos de fortaleza;"fortaleza cristiana; poemas de fortaleza; fortaleza espiritual";Poemas Bíblicos de Fortaleza | Versos bíblicos para el alma que persevera;poemas-biblicos-de-fortaleza;Poemas Cristianos de Fortaleza;colección de poemas;;/poemas/poemas-biblicos-de-fortaleza/;/poemas/poemas-biblicos-de-fortaleza/;KEEP;;;;;controlada (renombrado para no chocar con categoría);cat Fortaleza;ya enlazado;;URL nueva (jul-2026): vigilar indexación en GSC;Rodrigo
E18;PUBLICADO;P3;poemas para el padre de familia;"poemas para el padre de familia; poema cristiano para el padre; padre cristiano";Poemas para el Padre de Familia | Versos bíblicos de fortaleza y amor;poemas-para-el-padre-de-familia;Poemas Cristianos de Fortaleza;colección de poemas;;/poemas/poemas-para-el-padre-de-familia/;/poemas/poemas-para-el-padre-de-familia/;KEEP;;;;;baja;su categoría;ya enlazado;;;Rodrigo
E19;PUBLICADO;P3;poemas para la familia en tiempos difíciles;"poemas para la familia en tiempos difíciles; poema cristiano familia en crisis; fortaleza familiar cristiana";Poemas para la Familia en Tiempos Difíciles | Versos de fortaleza bíblica;poemas-para-la-familia-en-tiempos-dificiles;Poemas Cristianos de Fortaleza;colección de poemas;;/poemas/poemas-para-la-familia-en-tiempos-dificiles/;/poemas/poemas-para-la-familia-en-tiempos-dificiles/;KEEP;;;;;baja;su categoría;ya enlazado;;;Rodrigo
E20;PUBLICADO;P1;poemas cristianos para mamá;"poemas para mamá cristianos; poema a mamá cristiana; gracias mamá poemas cristianos";Poemas Cristianos para Mamá | Versos bíblicos para honrar a las madres;poemas-cristianos-para-mama;Poemas para la Madre;colección de poemas;;/poemas/poemas-cristianos-para-mama/;/poemas/poemas-cristianos-para-mama/;OPTIMIZE;1399;12;0,9%;;baja (madre-cristiana: intención distinta);"poemas-madre-cristiana; cat Madre";desde home y cat Madre;;Title/description orientados a CTR + destacado en home (2026-08-31);Rodrigo
E21;PUBLICADO;P2;poemas para la madre cristiana;"poemas cristianos; poemas bíblicos";Poemas Cristianos para la Madre;poemas-madre-cristiana;Poemas para la Madre;colección de poemas;;/poemas/poemas-madre-cristiana/;/poemas/poemas-madre-cristiana/;OPTIMIZE;;;;;baja;poemas-cristianos-para-mama;cat Madre;;Reformateado 2026-08-31: versos con br, sin notas ni img inline, title alineado, bloque Explorar;Rodrigo
E22;PUBLICADO;P3;poema cristiano sobre el hogar;"poema cristiano sobre el hogar; poemas para reflexionar en familia; hogar y fe cristiana";Poema Cristiano sobre el Hogar | Versos bíblicos para reflexionar;poema-cristiano-sobre-el-hogar;Poemas Cristianos para Reflexionar;colección de poemas;;/poemas/poema-cristiano-sobre-el-hogar/;/poemas/poema-cristiano-sobre-el-hogar/;KEEP;;;;;baja;su categoría;ya enlazado;;;Rodrigo
E23;PUBLICADO;P1;poemas cristianos para reflexionar (RETARGET);"poemas cristianos; reflexión cristiana; poemas para reflexionar";Poemas Cristianos para Reflexionar;poema-cristianos-para-reflexionar;Poemas Cristianos para Reflexionar;colección de poemas;;/poemas/poema-cristianos-para-reflexionar/;/poemas/poema-cristianos-para-reflexionar/;OPTIMIZE;;;;;ALTA: mismo H1/keyword que la categoría estrella (120 clics);cat Reflexionar;cat Reflexionar;;"Retarget publicado 2026-08-31: ahora ataca 'poemas cristianos profundos'; deja de canibalizar la categoria";Rodrigo
E24;POR_OPTIMIZAR;P2;poemas cristianos cortos para reflexionar;"poemas cortos cristianos; reflexión cristiana; versos bíblicos breves";Poemas Cristianos Cortos para Reflexionar | Versos breves de fe y profundidad bíblica;poemas-cristianos-cortos-para-reflexionar;Poemas Cristianos para Reflexionar;colección de poemas;;/poemas/poemas-cristianos-cortos-para-reflexionar/;/poemas/poemas-cristianos-cortos-para-reflexionar/;OPTIMIZE;85;0;0%;;"media con futuro pilar ""cortos""";N03 poemas-cristianos-cortos;desde N03 cuando exista;;85 impresiones sin clics: mejorar title/description;Rodrigo
E25;PUBLICADO;P3;poemas cristianos de reflexión y esperanza;"reflexión y esperanza; poemas de esperanza; poemas bíblicos";Poemas Cristianos de Reflexión y Esperanza | Versos bíblicos para renacer en la fe;poemas-cristianos-de-reflexion-y-esperanza;Poemas Cristianos para Reflexionar;colección de poemas;;/poemas/poemas-cristianos-de-reflexion-y-esperanza/;/poemas/poemas-cristianos-de-reflexion-y-esperanza/;KEEP;34;2;5,9%;;baja (puente reflexión-esperanza);cats Reflexionar y Esperanza;ya enlazado;;;Rodrigo
E26;PUBLICADO;P1;poemas cristianos para reflexionar en familia;"reflexión en familia; poemas para familias cristianas; poemas bíblicos familia";Poemas Cristianos para Reflexionar en Familia | Versos bíblicos para leer juntos;poemas-cristianos-para-reflexionar-en-familia;Poemas Cristianos para Reflexionar;colección de poemas;;/poemas/poemas-cristianos-para-reflexionar-en-familia/;/poemas/poemas-cristianos-para-reflexionar-en-familia/;KEEP;601;32;5,3%;;baja;cluster familia;reforzar desde cat Familia;;"DEFENDER: buen CTR; pilar secundario";Rodrigo
E27;PUBLICADO;P3;poemas cristianos para reflexionar sobre el amor;"reflexión sobre el amor; amor de Dios; poemas bíblicos de amor";Poemas Cristianos para Reflexionar sobre el Amor | Versos bíblicos del amor de Dios;poemas-cristianos-para-reflexionar-sobre-el-amor;Poemas Cristianos para Reflexionar;colección de poemas;;/poemas/poemas-cristianos-para-reflexionar-sobre-el-amor/;/poemas/poemas-cristianos-para-reflexionar-sobre-el-amor/;KEEP;;;;;baja;su categoría;ya enlazado;;;Rodrigo
E28;PUBLICADO;P3;poemas cristianos para reflexionar sobre la fe;"reflexión sobre la fe; poemas de fe cristiana; creer en Dios";Poemas Cristianos para Reflexionar sobre la Fe | Versos bíblicos sobre creer y caminar;poemas-cristianos-para-reflexionar-sobre-la-fe;Poemas Cristianos para Reflexionar;colección de poemas;;/poemas/poemas-cristianos-para-reflexionar-sobre-la-fe/;/poemas/poemas-cristianos-para-reflexionar-sobre-la-fe/;KEEP;;;;;baja;su categoría;ya enlazado;;;Rodrigo
E29;PUBLICADO;P3;poemas cristianos para reflexionar sobre la vida;"reflexión cristiana; poemas sobre la vida; poemas bíblicos";Poemas Cristianos para Reflexionar sobre la Vida | Versos bíblicos de contemplación y fe;poemas-cristianos-para-reflexionar-sobre-la-vida;Poemas Cristianos para Reflexionar;colección de poemas;;/poemas/poemas-cristianos-para-reflexionar-sobre-la-vida/;/poemas/poemas-cristianos-para-reflexionar-sobre-la-vida/;KEEP;;;;;baja;su categoría;ya enlazado;;;Rodrigo
E30;PUBLICADO;P3;poemas cristianos para reflexionar sobre las dificultades;"dificultades y fe; poemas en el sufrimiento; fortaleza cristiana";Poemas Cristianos para Reflexionar sobre las Dificultades | Versos bíblicos en la tormenta;poemas-cristianos-para-reflexionar-sobre-las-dificultades;Poemas Cristianos para Reflexionar;colección de poemas;;/poemas/poemas-cristianos-para-reflexionar-sobre-las-dificultades/;/poemas/poemas-cristianos-para-reflexionar-sobre-las-dificultades/;KEEP;;;;;baja;su categoría;ya enlazado;;;Rodrigo
E31;PUBLICADO;P3;poemas cristianos para reflexionar y pensar;"reflexión cristiana; poemas para pensar; meditación bíblica";Poemas Cristianos para Reflexionar y Pensar | Versos bíblicos que interpelan el alma;poemas-cristianos-para-reflexionar-y-pensar;Poemas Cristianos para Reflexionar;colección de poemas;;/poemas/poemas-cristianos-para-reflexionar-y-pensar/;/poemas/poemas-cristianos-para-reflexionar-y-pensar/;KEEP;;;;;baja;su categoría;ya enlazado;;;Rodrigo
E32;PUBLICADO;P1;poemas de dios para reflexionar;"poemas de Dios; reflexión sobre Dios; poemas bíblicos";Poemas de Dios para Reflexionar | Versos que contemplan el misterio divino;poemas-de-dios-para-reflexionar;Poemas Cristianos para Reflexionar;colección de poemas;;/poemas/poemas-de-dios-para-reflexionar/;/poemas/poemas-de-dios-para-reflexionar/;KEEP;751;28;3,7%;;media con N04 (diferenciar reflexión vs general);N04 poemas-sobre-dios;ya enlazado;;"DEFENDER: 2ª mejor página del sitio; consulta con 28 clics";Rodrigo
E33;PUBLICADO;P3;poemas de reflexión para jóvenes;"poemas para jóvenes; reflexión cristiana jóvenes; poemas bíblicos jóvenes";Poemas de Reflexión para Jóvenes | Versos bíblicos para la generación que busca;poemas-de-reflexion-para-jovenes;Poemas Cristianos para Reflexionar;colección de poemas;;/poemas/poemas-de-reflexion-para-jovenes/;/poemas/poemas-de-reflexion-para-jovenes/;KEEP;;;;;baja;su categoría;ya enlazado;;;Rodrigo
N01;PUBLICADO;P1;poemas cristianos de ánimo;"poemas de aliento cristiano; versos de ánimo";Poemas Cristianos de Ánimo | Versos bíblicos de aliento;poemas-cristianos-de-animo;Poemas Cristianos de Fortaleza;colección;ánimo/aliento;/poemas/poemas-cristianos-de-animo/;/poemas/poemas-cristianos-de-animo/;NEW;;;;;baja: fortaleza=resistir, ánimo=levantar;poemas-biblicos-de-fortaleza;"cat Fortaleza; home";2026-08-31;Publicado 2026-08-31. Primer contenido nuevo del plan editorial. Vigilar en GSC la consulta 'poemas cristianos de animo' (7 clics / 115 impr sin pagina propia antes de esto).;Rodrigo
N02;ESCRITO;P1;poesía cristiana;"poesias cristianas; poesia cristiana corta";Poesía Cristiana | Antología de versos para el alma;poesia-cristiana;Poemas Cristianos para Reflexionar;página temática;informacional/pilar;/poemas/poesia-cristiana/;/poemas/poesia-cristiana/;NEW;;;;;"media con home: vigilar; intención más específica que la portada";"home; cat Reflexionar";home (pilar-intro);2026-09-26;Escrito y validado 2026-08-31. Tanda 10, publicar el 2026-09-26. Rama: contenido/plan-editorial.;Rodrigo
N03;PUBLICADO;P1;poemas cristianos cortos;"versos cristianos cortos; poemas cortos de Dios";Poemas Cristianos Cortos | Versos breves que llegan al alma;poemas-cristianos-cortos;Poemas Cristianos para Reflexionar;colección;navegacional/dedicar;/poemas/poemas-cristianos-cortos/;/poemas/poemas-cristianos-cortos/;NEW;;;;;media: diferenciar general vs para-reflexionar;poemas-cristianos-cortos-para-reflexionar;"cat Reflexionar; N02";2026-08-31;Publicado 2026-08-31 (plan editorial).;Rodrigo
N04;PUBLICADO;P1;poemas sobre Dios;"poemas de Dios; poemas a Dios";Poemas sobre Dios | Versos al Creador;poemas-sobre-dios;Poemas Cristianos para Reflexionar;colección;devocional general;/poemas/poemas-sobre-dios/;/poemas/poemas-sobre-dios/;NEW;;;;;"media: general vs para-reflexionar; diferenciar títulos";poemas-de-dios-para-reflexionar;poemas-de-dios-para-reflexionar;2026-08-31;Publicado 2026-08-31 (plan editorial).;Rodrigo
N05;ESCRITO;P2;poemas bíblicos cortos;"versículos en verso; poemas breves de la Biblia";Poemas Bíblicos Cortos | Versos breves de la Palabra;poemas-biblicos-cortos;Poemas Cristianos para Reflexionar;colección;navegacional/dedicar;/poemas/poemas-biblicos-cortos/;/poemas/poemas-biblicos-cortos/;NEW;;;;;media con N03: uno bíblico (con base en pasajes) otro general;N03;"N03; home";2026-09-02;Escrito y validado 2026-08-31. Tanda 2, publicar el 2026-09-02. Rama: contenido/plan-editorial.;Rodrigo
N06;PUBLICADO;P1;poemas para el día de la madre cristianos;poemas día de la madre iglesia;Poemas Cristianos para el Día de la Madre;poemas-cristianos-para-el-dia-de-la-madre;Poemas para la Madre;colección;estacional/dedicar;/poemas/poemas-cristianos-para-el-dia-de-la-madre/;/poemas/poemas-cristianos-para-el-dia-de-la-madre/;NEW;;;;;"media: estacional (fecha) vs perenne (mamá); títulos distintos";"poemas-cristianos-para-mama; poemas-madre-cristiana";"cat Madre; mama";2026-08-31;Publicado 2026-08-31 (plan editorial).;Rodrigo
N07;PUBLICADO;P1;poemas cristianos de consuelo;"versos de consuelo; palabras de consuelo en verso";Poemas Cristianos de Consuelo | Versos que abrazan;poemas-cristianos-de-consuelo;Poemas Cristianos de Fortaleza;colección;consuelo/duelo suave;/poemas/poemas-cristianos-de-consuelo/;/poemas/poemas-cristianos-de-consuelo/;NEW;;;;;baja;familia-en-tiempos-dificiles;"cat Fortaleza; cat Esperanza";2026-08-31;Publicado 2026-08-31 (plan editorial).;Rodrigo
N08;ESCRITO;P2;poemas de confianza en Dios;confiar en Dios poema;Poemas de Confianza en Dios;poemas-de-confianza-en-dios;Poemas Cristianos de Fe;colección;devocional;/poemas/poemas-de-confianza-en-dios/;/poemas/poemas-de-confianza-en-dios/;NEW;;;;;baja: confianza ≠ fe genérica;poemas-de-fe;cat Fe;2026-09-02;Escrito y validado 2026-08-31. Tanda 2, publicar el 2026-09-02. Rama: contenido/plan-editorial.;Rodrigo
N09;PUBLICADO;P1;poemas de agradecimiento a Dios;"gracias a Dios poema; gratitud";Poemas de Agradecimiento a Dios;poemas-de-agradecimiento-a-dios;Poemas Bíblicos de Amor;colección;gratitud;/poemas/poemas-de-agradecimiento-a-dios/;/poemas/poemas-de-agradecimiento-a-dios/;NEW;;;;;ninguna;poemas-amar-a-dios;cat Amor;2026-08-31;Publicado 2026-08-31 (plan editorial).;Rodrigo
N10;ESCRITO;P2;poemas sobre la oración;"poema al orar; versos sobre orar";Poemas sobre la Oración | Versos para hablar con Dios;poemas-sobre-la-oracion;Poemas Cristianos para Reflexionar;colección;devocional;/poemas/poemas-sobre-la-oracion/;/poemas/poemas-sobre-la-oracion/;NEW;;;;;ninguna;union-familiar (H2 oración);cat Reflexionar;2026-09-02;Escrito y validado 2026-08-31. Tanda 2, publicar el 2026-09-02. Rama: contenido/plan-editorial.;Rodrigo
N11;ESCRITO;P2;poemas cristianos para papá;feliz día papá cristiano;Poemas Cristianos para Papá;poemas-cristianos-para-papa;Poemas Cristianos de Fortaleza;colección;dedicar/celebrar;/poemas/poemas-cristianos-para-papa/;/poemas/poemas-cristianos-para-papa/;NEW;;;;;"media: dedicatoria vs rol; cruzar enlaces";poemas-para-el-padre-de-familia;"padre-de-familia; cat Fortaleza";2026-09-02;Escrito y validado 2026-08-31. Tanda 2, publicar el 2026-09-02. Rama: contenido/plan-editorial.;Rodrigo
N12;ESCRITO;P2;poemas cristianos para la abuela;abuelita poema cristiano;Poemas Cristianos para la Abuela;poemas-cristianos-para-la-abuela;Poemas para la Madre;colección;dedicar;/poemas/poemas-cristianos-para-la-abuela/;/poemas/poemas-cristianos-para-la-abuela/;NEW;;;;;baja;cat Madre;"cat Madre; mama";2026-09-02;Escrito y validado 2026-08-31. Tanda 2, publicar el 2026-09-02. Rama: contenido/plan-editorial.;Rodrigo
N13;ESCRITO;P2;poemas cristianos de cumpleaños;feliz cumpleaños cristiano en verso;Poemas Cristianos de Cumpleaños;poemas-cristianos-de-cumpleanos;Poemas Bíblicos de Amor;colección;dedicar/ocasión;/poemas/poemas-cristianos-de-cumpleanos/;/poemas/poemas-cristianos-de-cumpleanos/;NEW;;;;;ninguna;N15;cat Amor;2026-09-05;Escrito y validado 2026-08-31. Tanda 3, publicar el 2026-09-05. Rama: contenido/plan-editorial.;Rodrigo
N14;ESCRITO;P2;poemas cristianos para bodas;poema matrimonio cristiano;Poemas Cristianos para Bodas y Matrimonio;poemas-cristianos-para-bodas;Poemas Bíblicos de Amor;colección;ocasión;/poemas/poemas-cristianos-para-bodas/;/poemas/poemas-cristianos-para-bodas/;NEW;;;;;baja;"poemas-biblicos-del-hogar; esposa-cristiana";cat Amor;2026-09-05;Escrito y validado 2026-08-31. Tanda 3, publicar el 2026-09-05. Rama: contenido/plan-editorial.;Rodrigo
N15;ESCRITO;P3;poemas cristianos de aniversario;aniversario de bodas cristiano;Poemas Cristianos de Aniversario;poemas-cristianos-de-aniversario;Poemas Bíblicos de Amor;colección;ocasión;/poemas/poemas-cristianos-de-aniversario/;/poemas/poemas-cristianos-de-aniversario/;NEW;;;;;baja;N14;N14;2026-09-11;Escrito y validado 2026-08-31. Tanda 5, publicar el 2026-09-11. Rama: contenido/plan-editorial.;Rodrigo
N16;ESCRITO;P2;poemas cristianos de luto;"condolencias cristianas en verso; poema fúnebre cristiano";Poemas Cristianos de Luto y Condolencia;poemas-cristianos-de-luto;Poemas Cristianos de Fortaleza;colección;duelo;/poemas/poemas-cristianos-de-luto/;/poemas/poemas-cristianos-de-luto/;NEW;;;;;baja si N07=consuelo general y este=duelo;"para-la-familia (H2 duelo); N07";"N07; cat Fortaleza";2026-09-05;Escrito y validado 2026-08-31. Tanda 3, publicar el 2026-09-05. Rama: contenido/plan-editorial.;Rodrigo
N17;ESCRITO;P2;poemas cristianos para enfermos;"poema de sanidad; ánimo para un enfermo";Poemas Cristianos para Enfermos;poemas-cristianos-para-enfermos;Poemas Cristianos de Fortaleza;colección;consuelo/sanidad;/poemas/poemas-cristianos-para-enfermos/;/poemas/poemas-cristianos-para-enfermos/;NEW;;;;;ninguna;N07;"N07; cat Fortaleza";2026-09-05;Escrito y validado 2026-08-31. Tanda 3, publicar el 2026-09-05. Rama: contenido/plan-editorial.;Rodrigo
N18;ESCRITO;P2;poemas sobre el perdón;perdonar poema cristiano;Poemas sobre el Perdón;poemas-sobre-el-perdon;Poemas Cristianos para Reflexionar;colección;reflexión temática;/poemas/poemas-sobre-el-perdon/;/poemas/poemas-sobre-el-perdon/;NEW;;;;;baja;"sobre-el-hogar; reflexionar-en-familia";cat Reflexionar;2026-09-05;Escrito y validado 2026-08-31. Tanda 3, publicar el 2026-09-05. Rama: contenido/plan-editorial.;Rodrigo
N19;ESCRITO;P3;poemas sobre la paz de Dios;paz interior cristiana en verso;Poemas sobre la Paz de Dios;poemas-sobre-la-paz-de-dios;Poemas Cristianos de Esperanza;colección;devocional;/poemas/poemas-sobre-la-paz-de-dios/;/poemas/poemas-sobre-la-paz-de-dios/;NEW;;;;;ninguna;cat Esperanza;cat Esperanza;2026-09-11;Escrito y validado 2026-08-31. Tanda 5, publicar el 2026-09-11. Rama: contenido/plan-editorial.;Rodrigo
N20;ESCRITO;P2;poemas de alabanza y adoración;versos de alabanza a Dios;Poemas de Alabanza y Adoración;poemas-de-alabanza-y-adoracion;Poemas Bíblicos de Amor;colección;devocional/celebración;/poemas/poemas-de-alabanza-y-adoracion/;/poemas/poemas-de-alabanza-y-adoracion/;NEW;;;;;baja;"N09; N04";cat Amor;2026-09-08;Escrito y validado 2026-08-31. Tanda 4, publicar el 2026-09-08. Rama: contenido/plan-editorial.;Rodrigo
N21;ESCRITO;P2;poemas del salmo 23;el señor es mi pastor poema;Poemas inspirados en el Salmo 23;poemas-del-salmo-23;Poemas Cristianos de Fe;colección;bíblico específico;/poemas/poemas-del-salmo-23/;/poemas/poemas-del-salmo-23/;NEW;;;;;ninguna;N22;"N22; cat Fe";2026-09-08;Escrito y validado 2026-08-31. Tanda 4, publicar el 2026-09-08. Rama: contenido/plan-editorial.;Rodrigo
N22;ESCRITO;P2;poemas basados en salmos;salmos en verso moderno;Poemas Basados en los Salmos;poemas-basados-en-salmos;Poemas Cristianos de Fe;página temática;bíblico/pilar;/poemas/poemas-basados-en-salmos/;/poemas/poemas-basados-en-salmos/;NEW;;;;;ninguna;N21;"cat Fe; home";2026-09-08;Escrito y validado 2026-08-31. Tanda 4, publicar el 2026-09-08. Rama: contenido/plan-editorial.;Rodrigo
N23;ESCRITO;P2;poemas sobre Jesús;poema a Jesucristo;Poemas sobre Jesús | Versos al Salvador;poemas-sobre-jesus;Poemas Cristianos para Reflexionar;colección;devocional;/poemas/poemas-sobre-jesus/;/poemas/poemas-sobre-jesus/;NEW;;;;;baja con N04 (Dios Padre vs Jesús);"N04; N26";cat Reflexionar;2026-09-08;Escrito y validado 2026-08-31. Tanda 4, publicar el 2026-09-08. Rama: contenido/plan-editorial.;Rodrigo
N24;ESCRITO;P2;poemas cristianos de navidad;poema del nacimiento de Jesús;Poemas Cristianos de Navidad;poemas-cristianos-de-navidad;Poemas Bíblicos de Amor;colección;estacional;/poemas/poemas-cristianos-de-navidad/;/poemas/poemas-cristianos-de-navidad/;NEW;;;;;ninguna;N23;home (temporada);2026-09-08;Escrito y validado 2026-08-31. Tanda 4, publicar el 2026-09-08. Rama: contenido/plan-editorial.;Rodrigo
N25;ESCRITO;P3;poemas cristianos de año nuevo;año nuevo con Dios poema;Poemas Cristianos de Año Nuevo;poemas-cristianos-de-ano-nuevo;Poemas Cristianos de Esperanza;colección;estacional;/poemas/poemas-cristianos-de-ano-nuevo/;/poemas/poemas-cristianos-de-ano-nuevo/;NEW;;;;;ninguna;N24;N24;2026-09-11;Escrito y validado 2026-08-31. Tanda 5, publicar el 2026-09-11. Rama: contenido/plan-editorial.;Rodrigo
N26;ESCRITO;P3;poemas de resurrección;semana santa poema cristiano;Poemas de Resurrección y Semana Santa;poemas-de-resurreccion;Poemas Cristianos de Esperanza;colección;estacional;/poemas/poemas-de-resurreccion/;/poemas/poemas-de-resurreccion/;NEW;;;;;ninguna;N23;cat Esperanza;2026-09-14;Escrito y validado 2026-08-31. Tanda 6, publicar el 2026-09-14. Rama: contenido/plan-editorial.;Rodrigo
N27;ESCRITO;P3;poemas cristianos de amistad;amiga cristiana poema;Poemas Cristianos de Amistad;poemas-cristianos-de-amistad;Poemas Bíblicos de Amor;colección;dedicar;/poemas/poemas-cristianos-de-amistad/;/poemas/poemas-cristianos-de-amistad/;NEW;;;;;ninguna;cat Amor;cat Amor;2026-09-14;Escrito y validado 2026-08-31. Tanda 6, publicar el 2026-09-14. Rama: contenido/plan-editorial.;Rodrigo
N28;ESCRITO;P2;poemas infantiles cristianos;poesías para niños de la iglesia;Poemas Infantiles Cristianos | Versos para aprender de Dios;poemas-infantiles-cristianos;Poemas para Niños;colección;niños/enseñanza;/poemas/poemas-infantiles-cristianos/;/poemas/poemas-infantiles-cristianos/;NEW;;;;;media: coordinar keywords con el REWRITE;poemas-para-ninos-cristianos;cat Niños;2026-09-11;Escrito y validado 2026-08-31. Tanda 5, publicar el 2026-09-11. Rama: contenido/plan-editorial.;Rodrigo
N29;ESCRITO;P2;poemas cristianos para la ansiedad;calma en Dios poema;Poemas Cristianos para la Ansiedad;poemas-cristianos-para-la-ansiedad;Poemas Cristianos de Fortaleza;colección;consuelo emocional;/poemas/poemas-cristianos-para-la-ansiedad/;/poemas/poemas-cristianos-para-la-ansiedad/;NEW;;;;;baja;reflexionar-sobre-las-dificultades;cat Fortaleza;2026-09-11;Escrito y validado 2026-08-31. Tanda 5, publicar el 2026-09-11. Rama: contenido/plan-editorial.;Rodrigo
N30;ESCRITO;P3;poemas cristianos para la tristeza;consuelo en la tristeza versos;Poemas Cristianos para Superar la Tristeza;poemas-para-superar-la-tristeza;Poemas Cristianos de Fortaleza;colección;consuelo emocional;/poemas/poemas-para-superar-la-tristeza/;/poemas/poemas-para-superar-la-tristeza/;NEW;;;;;media con N07/N29: repartir keywords;"N29; N07";N07;2026-09-14;Escrito y validado 2026-08-31. Tanda 6, publicar el 2026-09-14. Rama: contenido/plan-editorial.;Rodrigo
N31;ESCRITO;P3;poemas cristianos para maestros;maestra de escuela dominical poema;Poemas Cristianos para Maestros;poemas-cristianos-para-maestros;Poemas Cristianos para Reflexionar;colección;dedicar;/poemas/poemas-cristianos-para-maestros/;/poemas/poemas-cristianos-para-maestros/;NEW;;;;;ninguna;N28;cat Niños;2026-09-14;Escrito y validado 2026-08-31. Tanda 6, publicar el 2026-09-14. Rama: contenido/plan-editorial.;Rodrigo
N32;ESCRITO;P3;poemas cristianos para pastores;aniversario pastoral poema;Poemas Cristianos para Pastores;poemas-cristianos-para-pastores;Poemas Cristianos para Reflexionar;colección;dedicar;/poemas/poemas-cristianos-para-pastores/;/poemas/poemas-cristianos-para-pastores/;NEW;;;;;ninguna;N32;cat Reflexionar;2026-09-14;Escrito y validado 2026-08-31. Tanda 6, publicar el 2026-09-14. Rama: contenido/plan-editorial.;Rodrigo
N33;ESCRITO;P3;poemas cristianos para bautizo;bautismo poema;Poemas Cristianos para Bautizo;poemas-cristianos-para-bautizo;Poemas para Niños;colección;ocasión;/poemas/poemas-cristianos-para-bautizo/;/poemas/poemas-cristianos-para-bautizo/;NEW;;;;;ninguna;N28;cat Niños;2026-09-17;Escrito y validado 2026-08-31. Tanda 7, publicar el 2026-09-17. Rama: contenido/plan-editorial.;Rodrigo
N34;ESCRITO;P3;poemas cristianos para quince años;quinceañera cristiana poema;Poemas Cristianos para Quince Años;poemas-cristianos-para-quince-anos;Poemas Cristianos para Jóvenes;colección;ocasión;/poemas/poemas-cristianos-para-quince-anos/;/poemas/poemas-cristianos-para-quince-anos/;NEW;;;;;ninguna;poemas-jovenes;cat Jóvenes;2026-09-17;Escrito y validado 2026-08-31. Tanda 7, publicar el 2026-09-17. Rama: contenido/plan-editorial.;Rodrigo
N35;ESCRITO;P3;poemas cristianos de graduación;logro con Dios poema;Poemas Cristianos de Graduación;poemas-cristianos-de-graduacion;Poemas Cristianos para Jóvenes;colección;ocasión;/poemas/poemas-cristianos-de-graduacion/;/poemas/poemas-cristianos-de-graduacion/;NEW;;;;;ninguna;N34;cat Jóvenes;2026-09-17;Escrito y validado 2026-08-31. Tanda 7, publicar el 2026-09-17. Rama: contenido/plan-editorial.;Rodrigo
N36;ESCRITO;P3;poemas de acción de gracias;gratitud a Dios versos;Poemas de Acción de Gracias;poemas-de-accion-de-gracias;Poemas Bíblicos de Amor;colección;estacional/gratitud;/poemas/poemas-de-accion-de-gracias/;/poemas/poemas-de-accion-de-gracias/;NEW;;;;;media con N09: fecha vs gratitud diaria;N09;N09;2026-09-17;Escrito y validado 2026-08-31. Tanda 7, publicar el 2026-09-17. Rama: contenido/plan-editorial.;Rodrigo
N37;ESCRITO;P3;poemas sobre la gracia de Dios;gracia divina versos;Poemas sobre la Gracia de Dios;poemas-sobre-la-gracia;Poemas Cristianos de Fe;colección;devocional/teológico;/poemas/poemas-sobre-la-gracia/;/poemas/poemas-sobre-la-gracia/;NEW;;;;;ninguna;cortos-para-reflexionar (H2 gracia);cat Fe;2026-09-17;Escrito y validado 2026-08-31. Tanda 7, publicar el 2026-09-17. Rama: contenido/plan-editorial.;Rodrigo
N38;ESCRITO;P3;poemas sobre la creación;naturaleza alaba a Dios poema;Poemas sobre la Creación;poemas-sobre-la-creacion;Poemas Cristianos para Reflexionar;colección;contemplativo;/poemas/poemas-sobre-la-creacion/;/poemas/poemas-sobre-la-creacion/;NEW;;;;;ninguna;N04;cat Reflexionar;2026-09-20;Escrito y validado 2026-08-31. Tanda 8, publicar el 2026-09-20. Rama: contenido/plan-editorial.;Rodrigo
N39;ESCRITO;P3;poemas al Espíritu Santo;versos al consolador;Poemas al Espíritu Santo;poemas-al-espiritu-santo;Poemas Cristianos de Fe;colección;devocional;/poemas/poemas-al-espiritu-santo/;/poemas/poemas-al-espiritu-santo/;NEW;;;;;ninguna;"N04; N23";cat Fe;2026-09-20;Escrito y validado 2026-08-31. Tanda 8, publicar el 2026-09-20. Rama: contenido/plan-editorial.;Rodrigo
N40;ESCRITO;P3;poemas de proverbios 31;mujer virtuosa poema;Poemas de la Mujer Virtuosa (Proverbios 31);poemas-de-proverbios-31;Poemas Cristianos para la Mujer;colección;bíblico específico;/poemas/poemas-de-proverbios-31/;/poemas/poemas-de-proverbios-31/;NEW;;;;;baja;poemas-biblicos-mujer;cat Mujer;2026-09-20;Escrito y validado 2026-08-31. Tanda 8, publicar el 2026-09-20. Rama: contenido/plan-editorial.;Rodrigo
N41;ESCRITO;P3;poemas de personajes bíblicos;"poema de David; poema de Rut";Poemas de Personajes Bíblicos;poemas-de-personajes-biblicos;Poemas Cristianos para Reflexionar;página temática;bíblico/pilar;/poemas/poemas-de-personajes-biblicos/;/poemas/poemas-de-personajes-biblicos/;NEW;;;;;ninguna;"biblical-mothers-day-poems; N22";cat Reflexionar;2026-09-20;Escrito y validado 2026-08-31. Tanda 8, publicar el 2026-09-20. Rama: contenido/plan-editorial.;Rodrigo
N42;ESCRITO;P3;poemas sobre la cruz;el sacrificio de Cristo verso;Poemas sobre la Cruz;poemas-sobre-la-cruz;Poemas Cristianos de Fe;colección;devocional;/poemas/poemas-sobre-la-cruz/;/poemas/poemas-sobre-la-cruz/;NEW;;;;;ninguna;"N26; N23";N26;2026-09-20;Escrito y validado 2026-08-31. Tanda 8, publicar el 2026-09-20. Rama: contenido/plan-editorial.;Rodrigo
N43;ESCRITO;P3;poemas sobre el cielo;esperanza eterna versos;Poemas sobre el Cielo y la Vida Eterna;poemas-sobre-el-cielo;Poemas Cristianos de Esperanza;colección;esperanza/duelo;/poemas/poemas-sobre-el-cielo/;/poemas/poemas-sobre-el-cielo/;NEW;;;;;ninguna;N16;cat Esperanza;2026-09-23;Escrito y validado 2026-08-31. Tanda 9, publicar el 2026-09-23. Rama: contenido/plan-editorial.;Rodrigo
N44;ESCRITO;P3;poemas cristianos de buenos días;bendecido día versos;Poemas Cristianos de Buenos Días;poemas-cristianos-de-buenos-dias;Poemas Bíblicos de Amor;colección;dedicar/compartir (WhatsApp);/poemas/poemas-cristianos-de-buenos-dias/;/poemas/poemas-cristianos-de-buenos-dias/;NEW;;;;;ninguna;N45;cat Amor;2026-09-23;Escrito y validado 2026-08-31. Tanda 9, publicar el 2026-09-23. Rama: contenido/plan-editorial.;Rodrigo
N45;ESCRITO;P3;poemas cristianos de buenas noches;descansar en Dios versos;Poemas Cristianos de Buenas Noches;poemas-cristianos-de-buenas-noches;Poemas Bíblicos de Amor;colección;dedicar/compartir;/poemas/poemas-cristianos-de-buenas-noches/;/poemas/poemas-cristianos-de-buenas-noches/;NEW;;;;;baja entre el par: keywords distintas;N44;N44;2026-09-23;Escrito y validado 2026-08-31. Tanda 9, publicar el 2026-09-23. Rama: contenido/plan-editorial.;Rodrigo
N46;ESCRITO;P3;poemas sobre la humildad;humildad cristiana versos;Poemas sobre la Humildad;poemas-sobre-la-humildad;Poemas Cristianos para Reflexionar;colección;reflexión temática;/poemas/poemas-sobre-la-humildad/;/poemas/poemas-sobre-la-humildad/;NEW;;;;;ninguna;cluster reflexionar-sobre-*;cat Reflexionar;2026-09-23;Escrito y validado 2026-08-31. Tanda 9, publicar el 2026-09-23. Rama: contenido/plan-editorial.;Rodrigo
N47;ESCRITO;P3;poemas cristianos para la hermana;hermana en Cristo poema;Poemas Cristianos para la Hermana;poemas-cristianos-para-la-hermana;Poemas Cristianos para la Mujer;colección;dedicar;/poemas/poemas-cristianos-para-la-hermana/;/poemas/poemas-cristianos-para-la-hermana/;NEW;;;;;ninguna;N27;cat Mujer;2026-09-23;Escrito y validado 2026-08-31. Tanda 9, publicar el 2026-09-23. Rama: contenido/plan-editorial.;Rodrigo
N48;ESCRITO;P3;poemas cristianos para el esposo;esposo amado poema cristiano;Poemas Cristianos para el Esposo;poemas-cristianos-para-el-esposo;Poemas Bíblicos de Amor;colección;dedicar;/poemas/poemas-cristianos-para-el-esposo/;/poemas/poemas-cristianos-para-el-esposo/;NEW;;;;;baja;poemas-para-la-esposa-cristiana;"esposa-cristiana; N14";2026-09-26;Escrito y validado 2026-08-31. Tanda 10, publicar el 2026-09-26. Rama: contenido/plan-editorial.;Rodrigo
N49;ESCRITO;P3;poemas cristianos de bendición;bendiciones en verso;Poemas Cristianos de Bendición;poemas-cristianos-de-bendicion;Poemas Cristianos de Esperanza;colección;dedicar;/poemas/poemas-cristianos-de-bendicion/;/poemas/poemas-cristianos-de-bendicion/;NEW;;;;;ninguna;N44;cat Esperanza;2026-09-26;Escrito y validado 2026-08-31. Tanda 10, publicar el 2026-09-26. Rama: contenido/plan-editorial.;Rodrigo
N50;ESCRITO;P3;poemas cristianos de superación;levantarse con Dios versos;Poemas Cristianos de Superación;poemas-cristianos-de-superacion;Poemas Cristianos de Fortaleza;colección;motivacional cristiano;/poemas/poemas-cristianos-de-superacion/;/poemas/poemas-cristianos-de-superacion/;NEW;;;;;media con fortaleza: superación=proceso, fortaleza=virtud;poemas-biblicos-de-fortaleza (H2);cat Fortaleza;2026-09-26;Escrito y validado 2026-08-31. Tanda 10, publicar el 2026-09-26. Rama: contenido/plan-editorial.;Rodrigo