Subido;Bloque;Fecha;Hora;Carpeta;Archivo;Tablero;Titulo del pin;Temas etiquetados;Descripcion;Enlace
;1;23-09-2026;10:00;01 - Poemas Cristianos para Reflexionar (42 pines);poema-cristiano-sobre-el-hogar-1.png;Poemas Cristianos para Reflexionar;Poema Cristiano sobre el Hogar;Reflexiones cristianas, Frases cristianas, Versículos bíblicos, Poemas, Espiritualidad;"Poemas cristianos sobre el hogar que invitan a reflexionar sobre la fe, el perdón y la unidad que Dios pone en la familia. Lee el poema completo en poemasbiblicos.github.io

#poemascristianos #poemasbiblicos #poemacristianosobreelhogar #poemasparareflexionarenfamilia #hogaryfecristiana";https://poemasbiblicos.github.io/poemas/poema-cristiano-sobre-el-hogar/
;1;23-09-2026;15:00;01 - Poemas Cristianos para Reflexionar (42 pines);poema-cristianos-para-reflexionar-1.png;Poemas Cristianos para Reflexionar;Poemas Cristianos Profundos para Reflexionar;Reflexiones cristianas, Frases cristianas, Versículos bíblicos, Poemas, Espiritualidad;"Poemas cristianos de reflexión profunda sobre la vida, Dios, la fe y el propósito espiritual. Lee el poema completo en poemasbiblicos.github.io

#poemascristianos #poemasbiblicos #reflexioncristiana #poemasparareflexionar";https://poemasbiblicos.github.io/poemas/poema-cristianos-para-reflexionar/
;1;23-09-2026;20:00;01 - Poemas Cristianos para Reflexionar (42 pines);poemas-cristianos-cortos-1.png;Poemas Cristianos para Reflexionar;Poemas Cristianos Cortos;Reflexiones cristianas, Frases cristianas, Versículos bíblicos, Poemas, Espiritualidad;"Poemas cristianos cortos para leer en un minuto y compartir: versos breves de fe, esperanza y gratitud inspirados en la Palabra de Dios. Lee el poema completo en poemasbiblicos.github.io

#poemascristianos #poemasbiblicos #poemascristianoscortos #versoscristianoscortos #poemascortosdedios";https://poemasbiblicos.github.io/poemas/poemas-cristianos-cortos/
;1;24-09-2026;10:00;01 - Poemas Cristianos para Reflexionar (42 pines);poemas-cristianos-cortos-para-reflexionar-1.png;Poemas Cristianos para Reflexionar;Poemas Cristianos Cortos para Reflexionar;Reflexiones cristianas, Frases cristianas, Versículos bíblicos, Poemas, Espiritualidad;"Poemas cristianos cortos para reflexionar: versos breves cargados de espiritualidad bíblica, imágenes sensoriales y belleza literaria que dicen mucho en pocas palabras. Lee el poema completo en poemasbiblicos.github.io

#poemascristianos #poemasbiblicos #poemascortoscristianos #reflexioncristiana #versosbiblicosbreves";https://poemasbiblicos.github.io/poemas/poemas-cristianos-cortos-para-reflexionar/
;1;24-09-2026;15:00;01 - Poemas Cristianos para Reflexionar (42 pines);poemas-cristianos-de-reflexion-y-esperanza-1.png;Poemas Cristianos para Reflexionar;Poemas Cristianos de Reflexión y Esperanza;Reflexiones cristianas, Frases cristianas, Versículos bíblicos, Poemas, Espiritualidad;"Poemas cristianos de reflexión y esperanza: versos inspirados en las Escrituras que contemplan el dolor con honestidad y señalan la luz que Dios planta en lo más oscuro. Lee el poema completo en poemasbiblicos.github.io

#poemascristianos #poemasbiblicos #reflexionyesperanza #poemasdeesperanza #poemasbiblicos";https://poemasbiblicos.github.io/poemas/poemas-cristianos-de-reflexion-y-esperanza/
;1;24-09-2026;20:00;01 - Poemas Cristianos para Reflexionar (42 pines);poemas-cristianos-para-reflexionar-en-familia-1.png;Poemas Cristianos para Reflexionar;Poemas Cristianos para Reflexionar en Familia;Reflexiones cristianas, Frases cristianas, Versículos bíblicos, Poemas, Espiritualidad;"Poemas cristianos para reflexionar en familia: versos bíblicos que nutren la vida hogareña, fortalecen los vínculos y recuerdan que el hogar es el primer templo donde Dios habita. Lee el poema completo en poemasbiblicos.github.io

#poemascristianos #poemasbiblicos #reflexionenfamilia #poemasparafamiliascristianas #poemasbiblicosfamilia";https://poemasbiblicos.github.io/poemas/poemas-cristianos-para-reflexionar-en-familia/
;1;25-09-2026;10:00;01 - Poemas Cristianos para Reflexionar (42 pines);poemas-cristianos-para-reflexionar-sobre-el-amor-1.png;Poemas Cristianos para Reflexionar;Poemas Cristianos para Reflexionar sobre el Amor;Reflexiones cristianas, Frases cristianas, Versículos bíblicos, Poemas, Espiritualidad;"Poemas cristianos para reflexionar sobre el amor: versos que contemplan el amor de Dios como origen de todo amor humano, desde la profundidad de las Escrituras y la belleza literaria. Lee el poema completo en poemasbiblicos.github.io

#poemascristianos #poemasbiblicos #reflexionsobreelamor #amordedios #poemasbiblicosdeamor";https://poemasbiblicos.github.io/poemas/poemas-cristianos-para-reflexionar-sobre-el-amor/
;1;25-09-2026;15:00;01 - Poemas Cristianos para Reflexionar (42 pines);poemas-cristianos-para-reflexionar-sobre-la-fe-1.png;Poemas Cristianos para Reflexionar;Poemas Cristianos para Reflexionar sobre la Fe;Reflexiones cristianas, Frases cristianas, Versículos bíblicos, Poemas, Espiritualidad;"Poemas cristianos para reflexionar sobre la fe: versos que exploran qué significa creer cuando no se ve, confiar cuando duele y caminar cuando el camino no aparece. Lee el poema completo en poemasbiblicos.github.io

#poemascristianos #poemasbiblicos #reflexionsobrelafe #poemasdefecristiana #creerendios";https://poemasbiblicos.github.io/poemas/poemas-cristianos-para-reflexionar-sobre-la-fe/
;1;25-09-2026;20:00;01 - Poemas Cristianos para Reflexionar (42 pines);poemas-cristianos-para-reflexionar-sobre-la-vida-1.png;Poemas Cristianos para Reflexionar;Poemas Cristianos para Reflexionar sobre la Vida;Reflexiones cristianas, Frases cristianas, Versículos bíblicos, Poemas, Espiritualidad;"Poemas cristianos para reflexionar sobre la vida inspirados en las Escrituras: versos de profundidad espiritual, imágenes sensoriales y belleza literaria para nutrir el alma. Lee el poema completo en poemasbiblicos.github.io

#poemascristianos #poemasbiblicos #reflexioncristiana #poemassobrelavida #poemasbiblicos";https://poemasbiblicos.github.io/poemas/poemas-cristianos-para-reflexionar-sobre-la-vida/
;1;26-09-2026;10:00;01 - Poemas Cristianos para Reflexionar (42 pines);poemas-cristianos-para-reflexionar-sobre-las-dificultades-1.png;Poemas Cristianos para Reflexionar;Poemas Cristianos para Reflexionar sobre las Dificultades;Reflexiones cristianas, Frases cristianas, Versículos bíblicos, Poemas, Espiritualidad;"Poemas cristianos para reflexionar sobre las dificultades: versos que acompañan en el sufrimiento, el fracaso y la prueba con la hondura bíblica de quien sabe que Dios no abandona. Lee el poema completo en poemasbiblicos.github.io

#poemascristianos #poemasbiblicos #dificultadesyfe #poemasenelsufrimiento #fortalezacristiana";https://poemasbiblicos.github.io/poemas/poemas-cristianos-para-reflexionar-sobre-las-dificultades/
;1;26-09-2026;15:00;01 - Poemas Cristianos para Reflexionar (42 pines);poemas-cristianos-para-reflexionar-y-pensar-1.png;Poemas Cristianos para Reflexionar;Poemas Cristianos para Reflexionar y Pensar;Reflexiones cristianas, Frases cristianas, Versículos bíblicos, Poemas, Espiritualidad;"Poemas cristianos para reflexionar y pensar con hondura espiritual. Versos de arte mayor que invitan a la meditación bíblica y al encuentro sincero con Dios. Lee el poema completo en poemasbiblicos.github.io

#poemascristianos #poemasbiblicos #reflexioncristiana #poemasparapensar #meditacionbiblica";https://poemasbiblicos.github.io/poemas/poemas-cristianos-para-reflexionar-y-pensar/
;1;26-09-2026;20:00;01 - Poemas Cristianos para Reflexionar (42 pines);poemas-de-dios-para-reflexionar-1.png;Poemas Cristianos para Reflexionar;Poemas de Dios para Reflexionar;Reflexiones cristianas, Frases cristianas, Versículos bíblicos, Poemas, Espiritualidad;"Poemas de Dios para reflexionar: versos bíblicos que se asoman al misterio de lo divino con imágenes sensoriales, hondura teológica y belleza literaria genuina. Lee el poema completo en poemasbiblicos.github.io

#poemascristianos #poemasbiblicos #poemasdedios #reflexionsobredios #poemasbiblicos";https://poemasbiblicos.github.io/poemas/poemas-de-dios-para-reflexionar/
;1;27-09-2026;10:00;01 - Poemas Cristianos para Reflexionar (42 pines);poemas-sobre-dios-1.png;Poemas Cristianos para Reflexionar;Poemas sobre Dios;Reflexiones cristianas, Frases cristianas, Versículos bíblicos, Poemas, Espiritualidad;"Poemas sobre Dios que contemplan su obra, su nombre y su amparo: versos cristianos para acercarse al Creador con asombro y confianza. Lee el poema completo en poemasbiblicos.github.io

#poemascristianos #poemasbiblicos #poemassobredios #poemasdedios #poemasadios";https://poemasbiblicos.github.io/poemas/poemas-sobre-dios/
;1;27-09-2026;15:00;01 - Poemas Cristianos para Reflexionar (42 pines);poemas-de-reflexion-para-jovenes-1.png;Poemas Cristianos para Reflexionar;Poemas de Reflexión para Jóvenes;Reflexiones cristianas, Frases cristianas, Versículos bíblicos, Poemas, Espiritualidad;"Poemas de reflexión para jóvenes: versos cristianos que hablan con honestidad sobre identidad, propósito, fe y futuro desde una perspectiva bíblica profunda y contemporánea. Lee el poema completo en poemasbiblicos.github.io

#poemascristianos #poemasbiblicos #poemasparajovenes #reflexioncristianajovenes #poemasbiblicosjovenes";https://poemasbiblicos.github.io/poemas/poemas-de-reflexion-para-jovenes/
;1;27-09-2026;20:00;01 - Poemas Cristianos para Reflexionar (42 pines);poema-cristiano-sobre-el-hogar-2.png;Poemas Cristianos para Reflexionar;Poema Cristiano sobre el Hogar;Reflexiones cristianas, Frases cristianas, Versículos bíblicos, Poemas, Espiritualidad;"Poemas cristianos sobre el hogar que invitan a reflexionar sobre la fe, el perdón y la unidad que Dios pone en la familia. Lee el poema completo en poemasbiblicos.github.io

#poemascristianos #poemasbiblicos #poemacristianosobreelhogar #poemasparareflexionarenfamilia #hogaryfecristiana";https://poemasbiblicos.github.io/poemas/poema-cristiano-sobre-el-hogar/
;1;28-09-2026;10:00;01 - Poemas Cristianos para Reflexionar (42 pines);poema-cristianos-para-reflexionar-2.png;Poemas Cristianos para Reflexionar;Poemas Cristianos Profundos para Reflexionar;Reflexiones cristianas, Frases cristianas, Versículos bíblicos, Poemas, Espiritualidad;"Poemas cristianos de reflexión profunda sobre la vida, Dios, la fe y el propósito espiritual. Lee el poema completo en poemasbiblicos.github.io

#poemascristianos #poemasbiblicos #reflexioncristiana #poemasparareflexionar";https://poemasbiblicos.github.io/poemas/poema-cristianos-para-reflexionar/
;1;28-09-2026;15:00;01 - Poemas Cristianos para Reflexionar (42 pines);poemas-cristianos-cortos-2.png;Poemas Cristianos para Reflexionar;Poemas Cristianos Cortos;Reflexiones cristianas, Frases cristianas, Versículos bíblicos, Poemas, Espiritualidad;"Poemas cristianos cortos para leer en un minuto y compartir: versos breves de fe, esperanza y gratitud inspirados en la Palabra de Dios. Lee el poema completo en poemasbiblicos.github.io

#poemascristianos #poemasbiblicos #poemascristianoscortos #versoscristianoscortos #poemascortosdedios";https://poemasbiblicos.github.io/poemas/poemas-cristianos-cortos/
;1;28-09-2026;20:00;01 - Poemas Cristianos para Reflexionar (42 pines);poemas-cristianos-cortos-para-reflexionar-2.png;Poemas Cristianos para Reflexionar;Poemas Cristianos Cortos para Reflexionar;Reflexiones cristianas, Frases cristianas, Versículos bíblicos, Poemas, Espiritualidad;"Poemas cristianos cortos para reflexionar: versos breves cargados de espiritualidad bíblica, imágenes sensoriales y belleza literaria que dicen mucho en pocas palabras. Lee el poema completo en poemasbiblicos.github.io

#poemascristianos #poemasbiblicos #poemascortoscristianos #reflexioncristiana #versosbiblicosbreves";https://poemasbiblicos.github.io/poemas/poemas-cristianos-cortos-para-reflexionar/
;1;29-09-2026;10:00;01 - Poemas Cristianos para Reflexionar (42 pines);poemas-cristianos-de-reflexion-y-esperanza-2.png;Poemas Cristianos para Reflexionar;Poemas Cristianos de Reflexión y Esperanza;Reflexiones cristianas, Frases cristianas, Versículos bíblicos, Poemas, Espiritualidad;"Poemas cristianos de reflexión y esperanza: versos inspirados en las Escrituras que contemplan el dolor con honestidad y señalan la luz que Dios planta en lo más oscuro. Lee el poema completo en poemasbiblicos.github.io

#poemascristianos #poemasbiblicos #reflexionyesperanza #poemasdeesperanza #poemasbiblicos";https://poemasbiblicos.github.io/poemas/poemas-cristianos-de-reflexion-y-esperanza/
;1;29-09-2026;15:00;01 - Poemas Cristianos para Reflexionar (42 pines);poemas-cristianos-para-reflexionar-en-familia-2.png;Poemas Cristianos para Reflexionar;Poemas Cristianos para Reflexionar en Familia;Reflexiones cristianas, Frases cristianas, Versículos bíblicos, Poemas, Espiritualidad;"Poemas cristianos para reflexionar en familia: versos bíblicos que nutren la vida hogareña, fortalecen los vínculos y recuerdan que el hogar es el primer templo donde Dios habita. Lee el poema completo en poemasbiblicos.github.io

#poemascristianos #poemasbiblicos #reflexionenfamilia #poemasparafamiliascristianas #poemasbiblicosfamilia";https://poemasbiblicos.github.io/poemas/poemas-cristianos-para-reflexionar-en-familia/
;1;29-09-2026;20:00;01 - Poemas Cristianos para Reflexionar (42 pines);poemas-cristianos-para-reflexionar-sobre-el-amor-2.png;Poemas Cristianos para Reflexionar;Poemas Cristianos para Reflexionar sobre el Amor;Reflexiones cristianas, Frases cristianas, Versículos bíblicos, Poemas, Espiritualidad;"Poemas cristianos para reflexionar sobre el amor: versos que contemplan el amor de Dios como origen de todo amor humano, desde la profundidad de las Escrituras y la belleza literaria. Lee el poema completo en poemasbiblicos.github.io

#poemascristianos #poemasbiblicos #reflexionsobreelamor #amordedios #poemasbiblicosdeamor";https://poemasbiblicos.github.io/poemas/poemas-cristianos-para-reflexionar-sobre-el-amor/
;1;30-09-2026;09:00;01 - Poemas Cristianos para Reflexionar (42 pines);poemas-cristianos-para-reflexionar-sobre-la-vida-2.png;Poemas Cristianos para Reflexionar;Poemas Cristianos para Reflexionar sobre la Vida;Reflexiones cristianas, Frases cristianas, Versículos bíblicos, Poemas, Espiritualidad;"Poemas cristianos para reflexionar sobre la vida inspirados en las Escrituras: versos de profundidad espiritual, imágenes sensoriales y belleza literaria para nutrir el alma. Lee el poema completo en poemasbiblicos.github.io

#poemascristianos #poemasbiblicos #reflexioncristiana #poemassobrelavida #poemasbiblicos";https://poemasbiblicos.github.io/poemas/poemas-cristianos-para-reflexionar-sobre-la-vida/
;1;30-09-2026;12:00;01 - Poemas Cristianos para Reflexionar (42 pines);poemas-cristianos-para-reflexionar-sobre-la-fe-2.png;Poemas Cristianos para Reflexionar;Poemas Cristianos para Reflexionar sobre la Fe;Reflexiones cristianas, Frases cristianas, Versículos bíblicos, Poemas, Espiritualidad;"Poemas cristianos para reflexionar sobre la fe: versos que exploran qué significa creer cuando no se ve, confiar cuando duele y caminar cuando el camino no aparece. Lee el poema completo en poemasbiblicos.github.io

#poemascristianos #poemasbiblicos #reflexionsobrelafe #poemasdefecristiana #creerendios";https://poemasbiblicos.github.io/poemas/poemas-cristianos-para-reflexionar-sobre-la-fe/
;1;30-09-2026;15:00;01 - Poemas Cristianos para Reflexionar (42 pines);poemas-cristianos-para-reflexionar-sobre-las-dificultades-2.png;Poemas Cristianos para Reflexionar;Poemas Cristianos para Reflexionar sobre las Dificultades;Reflexiones cristianas, Frases cristianas, Versículos bíblicos, Poemas, Espiritualidad;"Poemas cristianos para reflexionar sobre las dificultades: versos que acompañan en el sufrimiento, el fracaso y la prueba con la hondura bíblica de quien sabe que Dios no abandona. Lee el poema completo en poemasbiblicos.github.io

#poemascristianos #poemasbiblicos #dificultadesyfe #poemasenelsufrimiento #fortalezacristiana";https://poemasbiblicos.github.io/poemas/poemas-cristianos-para-reflexionar-sobre-las-dificultades/
;1;30-09-2026;18:00;01 - Poemas Cristianos para Reflexionar (42 pines);poemas-cristianos-para-reflexionar-y-pensar-2.png;Poemas Cristianos para Reflexionar;Poemas Cristianos para Reflexionar y Pensar;Reflexiones cristianas, Frases cristianas, Versículos bíblicos, Poemas, Espiritualidad;"Poemas cristianos para reflexionar y pensar con hondura espiritual. Versos de arte mayor que invitan a la meditación bíblica y al encuentro sincero con Dios. Lee el poema completo en poemasbiblicos.github.io

#poemascristianos #poemasbiblicos #reflexioncristiana #poemasparapensar #meditacionbiblica";https://poemasbiblicos.github.io/poemas/poemas-cristianos-para-reflexionar-y-pensar/
;1;30-09-2026;21:00;01 - Poemas Cristianos para Reflexionar (42 pines);poemas-de-dios-para-reflexionar-2.png;Poemas Cristianos para Reflexionar;Poemas de Dios para Reflexionar;Reflexiones cristianas, Frases cristianas, Versículos bíblicos, Poemas, Espiritualidad;"Poemas de Dios para reflexionar: versos bíblicos que se asoman al misterio de lo divino con imágenes sensoriales, hondura teológica y belleza literaria genuina. Lee el poema completo en poemasbiblicos.github.io

#poemascristianos #poemasbiblicos #poemasdedios #reflexionsobredios #poemasbiblicos";https://poemasbiblicos.github.io/poemas/poemas-de-dios-para-reflexionar/
;1;01-10-2026;09:00;01 - Poemas Cristianos para Reflexionar (42 pines);poemas-de-reflexion-para-jovenes-2.png;Poemas Cristianos para Reflexionar;Poemas de Reflexión para Jóvenes;Reflexiones cristianas, Frases cristianas, Versículos bíblicos, Poemas, Espiritualidad;"Poemas de reflexión para jóvenes: versos cristianos que hablan con honestidad sobre identidad, propósito, fe y futuro desde una perspectiva bíblica profunda y contemporánea. Lee el poema completo en poemasbiblicos.github.io

#poemascristianos #poemasbiblicos #poemasparajovenes #reflexioncristianajovenes #poemasbiblicosjovenes";https://poemasbiblicos.github.io/poemas/poemas-de-reflexion-para-jovenes/
;1;01-10-2026;12:00;01 - Poemas Cristianos para Reflexionar (42 pines);poemas-sobre-dios-2.png;Poemas Cristianos para Reflexionar;Poemas sobre Dios;Reflexiones cristianas, Frases cristianas, Versículos bíblicos, Poemas, Espiritualidad;"Poemas sobre Dios que contemplan su obra, su nombre y su amparo: versos cristianos para acercarse al Creador con asombro y confianza. Lee el poema completo en poemasbiblicos.github.io

#poemascristianos #poemasbiblicos #poemassobredios #poemasdedios #poemasadios";https://poemasbiblicos.github.io/poemas/poemas-sobre-dios/
;1;01-10-2026;15:00;01 - Poemas Cristianos para Reflexionar (42 pines);poema-cristiano-sobre-el-hogar-3.png;Poemas Cristianos para Reflexionar;Poema Cristiano sobre el Hogar;Reflexiones cristianas, Frases cristianas, Versículos bíblicos, Poemas, Espiritualidad;"Poemas cristianos sobre el hogar que invitan a reflexionar sobre la fe, el perdón y la unidad que Dios pone en la familia. Lee el poema completo en poemasbiblicos.github.io

#poemascristianos #poemasbiblicos #poemacristianosobreelhogar #poemasparareflexionarenfamilia #hogaryfecristiana";https://poemasbiblicos.github.io/poemas/poema-cristiano-sobre-el-hogar/
;1;01-10-2026;18:00;01 - Poemas Cristianos para Reflexionar (42 pines);poema-cristianos-para-reflexionar-3.png;Poemas Cristianos para Reflexionar;Poemas Cristianos Profundos para Reflexionar;Reflexiones cristianas, Frases cristianas, Versículos bíblicos, Poemas, Espiritualidad;"Poemas cristianos de reflexión profunda sobre la vida, Dios, la fe y el propósito espiritual. Lee el poema completo en poemasbiblicos.github.io

#poemascristianos #poemasbiblicos #reflexioncristiana #poemasparareflexionar";https://poemasbiblicos.github.io/poemas/poema-cristianos-para-reflexionar/
;1;01-10-2026;21:00;01 - Poemas Cristianos para Reflexionar (42 pines);poemas-cristianos-cortos-para-reflexionar-3.png;Poemas Cristianos para Reflexionar;Poemas Cristianos Cortos para Reflexionar;Reflexiones cristianas, Frases cristianas, Versículos bíblicos, Poemas, Espiritualidad;"Poemas cristianos cortos para reflexionar: versos breves cargados de espiritualidad bíblica, imágenes sensoriales y belleza literaria que dicen mucho en pocas palabras. Lee el poema completo en poemasbiblicos.github.io

#poemascristianos #poemasbiblicos #poemascortoscristianos #reflexioncristiana #versosbiblicosbreves";https://poemasbiblicos.github.io/poemas/poemas-cristianos-cortos-para-reflexionar/
;1;02-10-2026;09:00;01 - Poemas Cristianos para Reflexionar (42 pines);poemas-cristianos-cortos-3.png;Poemas Cristianos para Reflexionar;Poemas Cristianos Cortos;Reflexiones cristianas, Frases cristianas, Versículos bíblicos, Poemas, Espiritualidad;"Poemas cristianos cortos para leer en un minuto y compartir: versos breves de fe, esperanza y gratitud inspirados en la Palabra de Dios. Lee el poema completo en poemasbiblicos.github.io

#poemascristianos #poemasbiblicos #poemascristianoscortos #versoscristianoscortos #poemascortosdedios";https://poemasbiblicos.github.io/poemas/poemas-cristianos-cortos/
;1;02-10-2026;12:00;01 - Poemas Cristianos para Reflexionar (42 pines);poemas-cristianos-de-reflexion-y-esperanza-3.png;Poemas Cristianos para Reflexionar;Poemas Cristianos de Reflexión y Esperanza;Reflexiones cristianas, Frases cristianas, Versículos bíblicos, Poemas, Espiritualidad;"Poemas cristianos de reflexión y esperanza: versos inspirados en las Escrituras que contemplan el dolor con honestidad y señalan la luz que Dios planta en lo más oscuro. Lee el poema completo en poemasbiblicos.github.io

#poemascristianos #poemasbiblicos #reflexionyesperanza #poemasdeesperanza #poemasbiblicos";https://poemasbiblicos.github.io/poemas/poemas-cristianos-de-reflexion-y-esperanza/
;1;02-10-2026;15:00;01 - Poemas Cristianos para Reflexionar (42 pines);poemas-cristianos-para-reflexionar-en-familia-3.png;Poemas Cristianos para Reflexionar;Poemas Cristianos para Reflexionar en Familia;Reflexiones cristianas, Frases cristianas, Versículos bíblicos, Poemas, Espiritualidad;"Poemas cristianos para reflexionar en familia: versos bíblicos que nutren la vida hogareña, fortalecen los vínculos y recuerdan que el hogar es el primer templo donde Dios habita. Lee el poema completo en poemasbiblicos.github.io

#poemascristianos #poemasbiblicos #reflexionenfamilia #poemasparafamiliascristianas #poemasbiblicosfamilia";https://poemasbiblicos.github.io/poemas/poemas-cristianos-para-reflexionar-en-familia/
;1;02-10-2026;18:00;01 - Poemas Cristianos para Reflexionar (42 pines);poemas-cristianos-para-reflexionar-sobre-el-amor-3.png;Poemas Cristianos para Reflexionar;Poemas Cristianos para Reflexionar sobre el Amor;Reflexiones cristianas, Frases cristianas, Versículos bíblicos, Poemas, Espiritualidad;"Poemas cristianos para reflexionar sobre el amor: versos que contemplan el amor de Dios como origen de todo amor humano, desde la profundidad de las Escrituras y la belleza literaria. Lee el poema completo en poemasbiblicos.github.io

#poemascristianos #poemasbiblicos #reflexionsobreelamor #amordedios #poemasbiblicosdeamor";https://poemasbiblicos.github.io/poemas/poemas-cristianos-para-reflexionar-sobre-el-amor/
;1;02-10-2026;21:00;01 - Poemas Cristianos para Reflexionar (42 pines);poemas-cristianos-para-reflexionar-sobre-la-fe-3.png;Poemas Cristianos para Reflexionar;Poemas Cristianos para Reflexionar sobre la Fe;Reflexiones cristianas, Frases cristianas, Versículos bíblicos, Poemas, Espiritualidad;"Poemas cristianos para reflexionar sobre la fe: versos que exploran qué significa creer cuando no se ve, confiar cuando duele y caminar cuando el camino no aparece. Lee el poema completo en poemasbiblicos.github.io

#poemascristianos #poemasbiblicos #reflexionsobrelafe #poemasdefecristiana #creerendios";https://poemasbiblicos.github.io/poemas/poemas-cristianos-para-reflexionar-sobre-la-fe/
;1;03-10-2026;09:00;01 - Poemas Cristianos para Reflexionar (42 pines);poemas-cristianos-para-reflexionar-sobre-la-vida-3.png;Poemas Cristianos para Reflexionar;Poemas Cristianos para Reflexionar sobre la Vida;Reflexiones cristianas, Frases cristianas, Versículos bíblicos, Poemas, Espiritualidad;"Poemas cristianos para reflexionar sobre la vida inspirados en las Escrituras: versos de profundidad espiritual, imágenes sensoriales y belleza literaria para nutrir el alma. Lee el poema completo en poemasbiblicos.github.io

#poemascristianos #poemasbiblicos #reflexioncristiana #poemassobrelavida #poemasbiblicos";https://poemasbiblicos.github.io/poemas/poemas-cristianos-para-reflexionar-sobre-la-vida/
;1;03-10-2026;12:00;01 - Poemas Cristianos para Reflexionar (42 pines);poemas-cristianos-para-reflexionar-sobre-las-dificultades-3.png;Poemas Cristianos para Reflexionar;Poemas Cristianos para Reflexionar sobre las Dificultades;Reflexiones cristianas, Frases cristianas, Versículos bíblicos, Poemas, Espiritualidad;"Poemas cristianos para reflexionar sobre las dificultades: versos que acompañan en el sufrimiento, el fracaso y la prueba con la hondura bíblica de quien sabe que Dios no abandona. Lee el poema completo en poemasbiblicos.github.io

#poemascristianos #poemasbiblicos #dificultadesyfe #poemasenelsufrimiento #fortalezacristiana";https://poemasbiblicos.github.io/poemas/poemas-cristianos-para-reflexionar-sobre-las-dificultades/
;1;03-10-2026;15:00;01 - Poemas Cristianos para Reflexionar (42 pines);poemas-cristianos-para-reflexionar-y-pensar-3.png;Poemas Cristianos para Reflexionar;Poemas Cristianos para Reflexionar y Pensar;Reflexiones cristianas, Frases cristianas, Versículos bíblicos, Poemas, Espiritualidad;"Poemas cristianos para reflexionar y pensar con hondura espiritual. Versos de arte mayor que invitan a la meditación bíblica y al encuentro sincero con Dios. Lee el poema completo en poemasbiblicos.github.io

#poemascristianos #poemasbiblicos #reflexioncristiana #poemasparapensar #meditacionbiblica";https://poemasbiblicos.github.io/poemas/poemas-cristianos-para-reflexionar-y-pensar/
;1;03-10-2026;18:00;01 - Poemas Cristianos para Reflexionar (42 pines);poemas-de-dios-para-reflexionar-3.png;Poemas Cristianos para Reflexionar;Poemas de Dios para Reflexionar;Reflexiones cristianas, Frases cristianas, Versículos bíblicos, Poemas, Espiritualidad;"Poemas de Dios para reflexionar: versos bíblicos que se asoman al misterio de lo divino con imágenes sensoriales, hondura teológica y belleza literaria genuina. Lee el poema completo en poemasbiblicos.github.io

#poemascristianos #poemasbiblicos #poemasdedios #reflexionsobredios #poemasbiblicos";https://poemasbiblicos.github.io/poemas/poemas-de-dios-para-reflexionar/
;1;03-10-2026;21:00;01 - Poemas Cristianos para Reflexionar (42 pines);poemas-de-reflexion-para-jovenes-3.png;Poemas Cristianos para Reflexionar;Poemas de Reflexión para Jóvenes;Reflexiones cristianas, Frases cristianas, Versículos bíblicos, Poemas, Espiritualidad;"Poemas de reflexión para jóvenes: versos cristianos que hablan con honestidad sobre identidad, propósito, fe y futuro desde una perspectiva bíblica profunda y contemporánea. Lee el poema completo en poemasbiblicos.github.io

#poemascristianos #poemasbiblicos #poemasparajovenes #reflexioncristianajovenes #poemasbiblicosjovenes";https://poemasbiblicos.github.io/poemas/poemas-de-reflexion-para-jovenes/
;1;04-10-2026;09:00;01 - Poemas Cristianos para Reflexionar (42 pines);poemas-sobre-dios-3.png;Poemas Cristianos para Reflexionar;Poemas sobre Dios;Reflexiones cristianas, Frases cristianas, Versículos bíblicos, Poemas, Espiritualidad;"Poemas sobre Dios que contemplan su obra, su nombre y su amparo: versos cristianos para acercarse al Creador con asombro y confianza. Lee el poema completo en poemasbiblicos.github.io

#poemascristianos #poemasbiblicos #poemassobredios #poemasdedios #poemasadios";https://poemasbiblicos.github.io/poemas/poemas-sobre-dios/
;2;04-10-2026;12:00;02 - Poemas Cristianos de Fortaleza (15 pines);poemas-biblicos-de-fortaleza-1.png;Poemas Cristianos de Fortaleza;Poemas Bíblicos de Fortaleza;Frases de aliento, Fe en Dios, Versículos bíblicos, Motivación cristiana, Poemas;"Poemas cristianos de fortaleza y ánimo escritos con fe profunda para el alma que lucha, resiste y vence sostenida por la mano de Dios. Lee el poema completo en poemasbiblicos.github.io

#poemascristianos #poemasbiblicos #fortalezacristiana #poemasdefortaleza #fortalezaespiritual";https://poemasbiblicos.github.io/poemas/poemas-biblicos-de-fortaleza/
;2;04-10-2026;15:00;02 - Poemas Cristianos de Fortaleza (15 pines);poemas-cristianos-de-animo-1.png;Poemas Cristianos de Fortaleza;Poemas Cristianos de Ánimo;Frases de aliento, Fe en Dios, Versículos bíblicos, Motivación cristiana, Poemas;"Poemas cristianos de ánimo para levantar el alma cuando faltan las fuerzas: versos bíblicos de aliento, consuelo y esperanza para seguir adelante. Lee el poema completo en poemasbiblicos.github.io

#poemascristianos #poemasbiblicos #poemascristianosdeanimo #poemasdealientocristiano #versosdeanimo";https://poemasbiblicos.github.io/poemas/poemas-cristianos-de-animo/
;2;04-10-2026;18:00;02 - Poemas Cristianos de Fortaleza (15 pines);poemas-cristianos-de-consuelo-1.png;Poemas Cristianos de Fortaleza;Poemas Cristianos de Consuelo;Frases de aliento, Fe en Dios, Versículos bíblicos, Motivación cristiana, Poemas;"Poemas cristianos de consuelo para el que llora: versos bíblicos que acompañan en el dolor sin apurar la herida ni negar la pena. Lee el poema completo en poemasbiblicos.github.io

#poemascristianos #poemasbiblicos #poemascristianosdeconsuelo #versosdeconsuelo #palabrasdeconsueloenverso";https://poemasbiblicos.github.io/poemas/poemas-cristianos-de-consuelo/
;2;04-10-2026;21:00;02 - Poemas Cristianos de Fortaleza (15 pines);poemas-para-el-padre-de-familia-1.png;Poemas Cristianos de Fortaleza;Poemas para el Padre de Familia;Frases de aliento, Fe en Dios, Versículos bíblicos, Motivación cristiana, Poemas;"Poemas para el padre de familia cristiano que celebran su fe, su fortaleza y el amor con que guía el hogar a la luz de las Escrituras. Lee el poema completo en poemasbiblicos.github.io

#poemascristianos #poemasbiblicos #poemasparaelpadredefamilia #poemacristianoparaelpadre #padrecristiano";https://poemasbiblicos.github.io/poemas/poemas-para-el-padre-de-familia/
;2;05-10-2026;09:00;02 - Poemas Cristianos de Fortaleza (15 pines);poemas-para-la-familia-en-tiempos-dificiles-1.png;Poemas Cristianos de Fortaleza;Poemas para la Familia en Tiempos Difíciles;Frases de aliento, Fe en Dios, Versículos bíblicos, Motivación cristiana, Poemas;"Poemas para la familia en tiempos difíciles que ofrecen fortaleza, esperanza y consuelo desde las Escrituras para el hogar que atraviesa pruebas. Lee el poema completo en poemasbiblicos.github.io

#poemascristianos #poemasbiblicos #poemasparalafamiliaentiemposdificiles #poemacristianofamiliaencrisis #fortalezafamiliarcristiana";https://poemasbiblicos.github.io/poemas/poemas-para-la-familia-en-tiempos-dificiles/
;2;05-10-2026;12:00;02 - Poemas Cristianos de Fortaleza (15 pines);poemas-biblicos-de-fortaleza-2.png;Poemas Cristianos de Fortaleza;Poemas Bíblicos de Fortaleza;Frases de aliento, Fe en Dios, Versículos bíblicos, Motivación cristiana, Poemas;"Poemas cristianos de fortaleza y ánimo escritos con fe profunda para el alma que lucha, resiste y vence sostenida por la mano de Dios. Lee el poema completo en poemasbiblicos.github.io

#poemascristianos #poemasbiblicos #fortalezacristiana #poemasdefortaleza #fortalezaespiritual";https://poemasbiblicos.github.io/poemas/poemas-biblicos-de-fortaleza/
;2;05-10-2026;15:00;02 - Poemas Cristianos de Fortaleza (15 pines);poemas-cristianos-de-animo-2.png;Poemas Cristianos de Fortaleza;Poemas Cristianos de Ánimo;Frases de aliento, Fe en Dios, Versículos bíblicos, Motivación cristiana, Poemas;"Poemas cristianos de ánimo para levantar el alma cuando faltan las fuerzas: versos bíblicos de aliento, consuelo y esperanza para seguir adelante. Lee el poema completo en poemasbiblicos.github.io

#poemascristianos #poemasbiblicos #poemascristianosdeanimo #poemasdealientocristiano #versosdeanimo";https://poemasbiblicos.github.io/poemas/poemas-cristianos-de-animo/
;2;05-10-2026;18:00;02 - Poemas Cristianos de Fortaleza (15 pines);poemas-cristianos-de-consuelo-2.png;Poemas Cristianos de Fortaleza;Poemas Cristianos de Consuelo;Frases de aliento, Fe en Dios, Versículos bíblicos, Motivación cristiana, Poemas;"Poemas cristianos de consuelo para el que llora: versos bíblicos que acompañan en el dolor sin apurar la herida ni negar la pena. Lee el poema completo en poemasbiblicos.github.io

#poemascristianos #poemasbiblicos #poemascristianosdeconsuelo #versosdeconsuelo #palabrasdeconsueloenverso";https://poemasbiblicos.github.io/poemas/poemas-cristianos-de-consuelo/
;2;05-10-2026;21:00;02 - Poemas Cristianos de Fortaleza (15 pines);poemas-para-el-padre-de-familia-2.png;Poemas Cristianos de Fortaleza;Poemas para el Padre de Familia;Frases de aliento, Fe en Dios, Versículos bíblicos, Motivación cristiana, Poemas;"Poemas para el padre de familia cristiano que celebran su fe, su fortaleza y el amor con que guía el hogar a la luz de las Escrituras. Lee el poema completo en poemasbiblicos.github.io

#poemascristianos #poemasbiblicos #poemasparaelpadredefamilia #poemacristianoparaelpadre #padrecristiano";https://poemasbiblicos.github.io/poemas/poemas-para-el-padre-de-familia/
;2;06-10-2026;09:00;02 - Poemas Cristianos de Fortaleza (15 pines);poemas-para-la-familia-en-tiempos-dificiles-2.png;Poemas Cristianos de Fortaleza;Poemas para la Familia en Tiempos Difíciles;Frases de aliento, Fe en Dios, Versículos bíblicos, Motivación cristiana, Poemas;"Poemas para la familia en tiempos difíciles que ofrecen fortaleza, esperanza y consuelo desde las Escrituras para el hogar que atraviesa pruebas. Lee el poema completo en poemasbiblicos.github.io

#poemascristianos #poemasbiblicos #poemasparalafamiliaentiemposdificiles #poemacristianofamiliaencrisis #fortalezafamiliarcristiana";https://poemasbiblicos.github.io/poemas/poemas-para-la-familia-en-tiempos-dificiles/
;2;06-10-2026;12:00;02 - Poemas Cristianos de Fortaleza (15 pines);poemas-biblicos-de-fortaleza-3.png;Poemas Cristianos de Fortaleza;Poemas Bíblicos de Fortaleza;Frases de aliento, Fe en Dios, Versículos bíblicos, Motivación cristiana, Poemas;"Poemas cristianos de fortaleza y ánimo escritos con fe profunda para el alma que lucha, resiste y vence sostenida por la mano de Dios. Lee el poema completo en poemasbiblicos.github.io

#poemascristianos #poemasbiblicos #fortalezacristiana #poemasdefortaleza #fortalezaespiritual";https://poemasbiblicos.github.io/poemas/poemas-biblicos-de-fortaleza/
;2;06-10-2026;15:00;02 - Poemas Cristianos de Fortaleza (15 pines);poemas-cristianos-de-animo-3.png;Poemas Cristianos de Fortaleza;Poemas Cristianos de Ánimo;Frases de aliento, Fe en Dios, Versículos bíblicos, Motivación cristiana, Poemas;"Poemas cristianos de ánimo para levantar el alma cuando faltan las fuerzas: versos bíblicos de aliento, consuelo y esperanza para seguir adelante. Lee el poema completo en poemasbiblicos.github.io

#poemascristianos #poemasbiblicos #poemascristianosdeanimo #poemasdealientocristiano #versosdeanimo";https://poemasbiblicos.github.io/poemas/poemas-cristianos-de-animo/
;2;06-10-2026;18:00;02 - Poemas Cristianos de Fortaleza (15 pines);poemas-cristianos-de-consuelo-3.png;Poemas Cristianos de Fortaleza;Poemas Cristianos de Consuelo;Frases de aliento, Fe en Dios, Versículos bíblicos, Motivación cristiana, Poemas;"Poemas cristianos de consuelo para el que llora: versos bíblicos que acompañan en el dolor sin apurar la herida ni negar la pena. Lee el poema completo en poemasbiblicos.github.io

#poemascristianos #poemasbiblicos #poemascristianosdeconsuelo #versosdeconsuelo #palabrasdeconsueloenverso";https://poemasbiblicos.github.io/poemas/poemas-cristianos-de-consuelo/
;2;06-10-2026;21:00;02 - Poemas Cristianos de Fortaleza (15 pines);poemas-para-el-padre-de-familia-3.png;Poemas Cristianos de Fortaleza;Poemas para el Padre de Familia;Frases de aliento, Fe en Dios, Versículos bíblicos, Motivación cristiana, Poemas;"Poemas para el padre de familia cristiano que celebran su fe, su fortaleza y el amor con que guía el hogar a la luz de las Escrituras. Lee el poema completo en poemasbiblicos.github.io

#poemascristianos #poemasbiblicos #poemasparaelpadredefamilia #poemacristianoparaelpadre #padrecristiano";https://poemasbiblicos.github.io/poemas/poemas-para-el-padre-de-familia/
;2;07-10-2026;09:00;02 - Poemas Cristianos de Fortaleza (15 pines);poemas-para-la-familia-en-tiempos-dificiles-3.png;Poemas Cristianos de Fortaleza;Poemas para la Familia en Tiempos Difíciles;Frases de aliento, Fe en Dios, Versículos bíblicos, Motivación cristiana, Poemas;"Poemas para la familia en tiempos difíciles que ofrecen fortaleza, esperanza y consuelo desde las Escrituras para el hogar que atraviesa pruebas. Lee el poema completo en poemasbiblicos.github.io

#poemascristianos #poemasbiblicos #poemasparalafamiliaentiemposdificiles #poemacristianofamiliaencrisis #fortalezafamiliarcristiana";https://poemasbiblicos.github.io/poemas/poemas-para-la-familia-en-tiempos-dificiles/
;3;07-10-2026;12:00;03 - Poemas Cristianos de Fe (12 pines);poemas-biblicos-de-familia-1.png;Poemas Cristianos de Fe;Poemas Bíblicos de Familia;Fe en Dios, Versículos bíblicos, Frases cristianas, Oración, Espiritualidad;"Poemas bíblicos de familia que celebran los lazos del hogar a la luz de las Escrituras, con fe, amor y esperanza. Lee el poema completo en poemasbiblicos.github.io

#poemascristianos #poemasbiblicos #poemasbiblicosdefamilia #poemasdefeenfamilia #hogarcristiano";https://poemasbiblicos.github.io/poemas/poemas-biblicos-de-familia/
;3;07-10-2026;15:00;03 - Poemas Cristianos de Fe (12 pines);poemas-de-fe-1.png;Poemas Cristianos de Fe;Poemas de Fe en Dios;Fe en Dios, Versículos bíblicos, Frases cristianas, Oración, Espiritualidad;"Poema cristiano sobre la fe en Dios, la esperanza bíblica y la confianza espiritual en tiempos difíciles. Lee el poema completo en poemasbiblicos.github.io

#poemascristianos #poemasbiblicos #feendios #poemacristiano #poemasbiblicosdefe";https://poemasbiblicos.github.io/poemas/poemas-de-fe/
;3;07-10-2026;18:00;03 - Poemas Cristianos de Fe (12 pines);poemas-de-fe-en-familia-1.png;Poemas Cristianos de Fe;Poemas de Fe en Familia;Fe en Dios, Versículos bíblicos, Frases cristianas, Oración, Espiritualidad;"Poemas de fe en familia que celebran la herencia espiritual del hogar cristiano y el amor que Dios pone en cada vínculo familiar. Lee el poema completo en poemasbiblicos.github.io

#poemascristianos #poemasbiblicos #poemasdefeenfamilia #poemasbiblicosdefe #familiacreyente";https://poemasbiblicos.github.io/poemas/poemas-de-fe-en-familia/
;3;07-10-2026;21:00;03 - Poemas Cristianos de Fe (12 pines);poemas-valores-cristianos-en-familia-1.png;Poemas Cristianos de Fe;Poemas sobre Valores Cristianos en Familia;Fe en Dios, Versículos bíblicos, Frases cristianas, Oración, Espiritualidad;"Poemas sobre valores cristianos en familia que enseñan la fidelidad, el servicio y la humildad que Dios llama a vivir en el hogar. Lee el poema completo en poemasbiblicos.github.io

#poemascristianos #poemasbiblicos #poemasvalorescristianosfamilia #poemacristianofidelidadenelhogar #valoresbiblicosenfamilia";https://poemasbiblicos.github.io/poemas/poemas-valores-cristianos-en-familia/
;3;08-10-2026;09:00;03 - Poemas Cristianos de Fe (12 pines);poemas-biblicos-de-familia-2.png;Poemas Cristianos de Fe;Poemas Bíblicos de Familia;Fe en Dios, Versículos bíblicos, Frases cristianas, Oración, Espiritualidad;"Poemas bíblicos de familia que celebran los lazos del hogar a la luz de las Escrituras, con fe, amor y esperanza. Lee el poema completo en poemasbiblicos.github.io

#poemascristianos #poemasbiblicos #poemasbiblicosdefamilia #poemasdefeenfamilia #hogarcristiano";https://poemasbiblicos.github.io/poemas/poemas-biblicos-de-familia/
;3;08-10-2026;12:00;03 - Poemas Cristianos de Fe (12 pines);poemas-de-fe-2.png;Poemas Cristianos de Fe;Poemas de Fe en Dios;Fe en Dios, Versículos bíblicos, Frases cristianas, Oración, Espiritualidad;"Poema cristiano sobre la fe en Dios, la esperanza bíblica y la confianza espiritual en tiempos difíciles. Lee el poema completo en poemasbiblicos.github.io

#poemascristianos #poemasbiblicos #feendios #poemacristiano #poemasbiblicosdefe";https://poemasbiblicos.github.io/poemas/poemas-de-fe/
;3;08-10-2026;15:00;03 - Poemas Cristianos de Fe (12 pines);poemas-de-fe-en-familia-2.png;Poemas Cristianos de Fe;Poemas de Fe en Familia;Fe en Dios, Versículos bíblicos, Frases cristianas, Oración, Espiritualidad;"Poemas de fe en familia que celebran la herencia espiritual del hogar cristiano y el amor que Dios pone en cada vínculo familiar. Lee el poema completo en poemasbiblicos.github.io

#poemascristianos #poemasbiblicos #poemasdefeenfamilia #poemasbiblicosdefe #familiacreyente";https://poemasbiblicos.github.io/poemas/poemas-de-fe-en-familia/
;3;08-10-2026;18:00;03 - Poemas Cristianos de Fe (12 pines);poemas-valores-cristianos-en-familia-2.png;Poemas Cristianos de Fe;Poemas sobre Valores Cristianos en Familia;Fe en Dios, Versículos bíblicos, Frases cristianas, Oración, Espiritualidad;"Poemas sobre valores cristianos en familia que enseñan la fidelidad, el servicio y la humildad que Dios llama a vivir en el hogar. Lee el poema completo en poemasbiblicos.github.io

#poemascristianos #poemasbiblicos #poemasvalorescristianosfamilia #poemacristianofidelidadenelhogar #valoresbiblicosenfamilia";https://poemasbiblicos.github.io/poemas/poemas-valores-cristianos-en-familia/
;4;08-10-2026;21:00;04 - Poemas Bíblicos de Amor (9 pines);poemas-amar-a-dios-1.png;Poemas Bíblicos de Amor;Poemas para Amar a Dios;Amor de Dios, Frases cristianas, Versículos bíblicos, Poemas de amor, Gratitud;"Poema cristiano sobre amar a Dios, la fe, la adoración y el amor bíblico inspirado en las Escrituras. Lee el poema completo en poemasbiblicos.github.io

#poemascristianos #poemasbiblicos #amaradios #poemacristiano #amorbiblico";https://poemasbiblicos.github.io/poemas/poemas-amar-a-dios/
;3;09-10-2026;09:00;03 - Poemas Cristianos de Fe (12 pines);poemas-biblicos-de-familia-3.png;Poemas Cristianos de Fe;Poemas Bíblicos de Familia;Fe en Dios, Versículos bíblicos, Frases cristianas, Oración, Espiritualidad;"Poemas bíblicos de familia que celebran los lazos del hogar a la luz de las Escrituras, con fe, amor y esperanza. Lee el poema completo en poemasbiblicos.github.io

#poemascristianos #poemasbiblicos #poemasbiblicosdefamilia #poemasdefeenfamilia #hogarcristiano";https://poemasbiblicos.github.io/poemas/poemas-biblicos-de-familia/
;3;09-10-2026;12:00;03 - Poemas Cristianos de Fe (12 pines);poemas-de-fe-3.png;Poemas Cristianos de Fe;Poemas de Fe en Dios;Fe en Dios, Versículos bíblicos, Frases cristianas, Oración, Espiritualidad;"Poema cristiano sobre la fe en Dios, la esperanza bíblica y la confianza espiritual en tiempos difíciles. Lee el poema completo en poemasbiblicos.github.io

#poemascristianos #poemasbiblicos #feendios #poemacristiano #poemasbiblicosdefe";https://poemasbiblicos.github.io/poemas/poemas-de-fe/
;3;09-10-2026;15:00;03 - Poemas Cristianos de Fe (12 pines);poemas-de-fe-en-familia-3.png;Poemas Cristianos de Fe;Poemas de Fe en Familia;Fe en Dios, Versículos bíblicos, Frases cristianas, Oración, Espiritualidad;"Poemas de fe en familia que celebran la herencia espiritual del hogar cristiano y el amor que Dios pone en cada vínculo familiar. Lee el poema completo en poemasbiblicos.github.io

#poemascristianos #poemasbiblicos #poemasdefeenfamilia #poemasbiblicosdefe #familiacreyente";https://poemasbiblicos.github.io/poemas/poemas-de-fe-en-familia/
;3;09-10-2026;18:00;03 - Poemas Cristianos de Fe (12 pines);poemas-valores-cristianos-en-familia-3.png;Poemas Cristianos de Fe;Poemas sobre Valores Cristianos en Familia;Fe en Dios, Versículos bíblicos, Frases cristianas, Oración, Espiritualidad;"Poemas sobre valores cristianos en familia que enseñan la fidelidad, el servicio y la humildad que Dios llama a vivir en el hogar. Lee el poema completo en poemasbiblicos.github.io

#poemascristianos #poemasbiblicos #poemasvalorescristianosfamilia #poemacristianofidelidadenelhogar #valoresbiblicosenfamilia";https://poemasbiblicos.github.io/poemas/poemas-valores-cristianos-en-familia/
;4;09-10-2026;21:00;04 - Poemas Bíblicos de Amor (9 pines);poemas-biblicos-del-hogar-1.png;Poemas Bíblicos de Amor;Poemas Bíblicos del Hogar;Amor de Dios, Frases cristianas, Versículos bíblicos, Poemas de amor, Gratitud;"Poemas bíblicos del hogar que expresan el amor, la dedicación y la gracia que Dios derrama sobre cada familia creyente. Lee el poema completo en poemasbiblicos.github.io

#poemascristianos #poemasbiblicos #poemasbiblicosdelhogar #poemasdeamorcristianofamilia #amorenelhogarcristiano";https://poemasbiblicos.github.io/poemas/poemas-biblicos-del-hogar/
;4;10-10-2026;09:00;04 - Poemas Bíblicos de Amor (9 pines);poemas-de-agradecimiento-a-dios-1.png;Poemas Bíblicos de Amor;Poemas de Agradecimiento a Dios;Amor de Dios, Frases cristianas, Versículos bíblicos, Poemas de amor, Gratitud;"Poemas de agradecimiento a Dios por la vida, las bendiciones y su fidelidad: versos cristianos de gratitud para orar, leer o compartir. Lee el poema completo en poemasbiblicos.github.io

#poemascristianos #poemasbiblicos #poemasdeagradecimientoadios #graciasadiospoema #versosdegratitudcristiana";https://poemasbiblicos.github.io/poemas/poemas-de-agradecimiento-a-dios/
;4;10-10-2026;12:00;04 - Poemas Bíblicos de Amor (9 pines);poemas-amar-a-dios-2.png;Poemas Bíblicos de Amor;Poemas para Amar a Dios;Amor de Dios, Frases cristianas, Versículos bíblicos, Poemas de amor, Gratitud;"Poema cristiano sobre amar a Dios, la fe, la adoración y el amor bíblico inspirado en las Escrituras. Lee el poema completo en poemasbiblicos.github.io

#poemascristianos #poemasbiblicos #amaradios #poemacristiano #amorbiblico";https://poemasbiblicos.github.io/poemas/poemas-amar-a-dios/
;4;10-10-2026;15:00;04 - Poemas Bíblicos de Amor (9 pines);poemas-biblicos-del-hogar-2.png;Poemas Bíblicos de Amor;Poemas Bíblicos del Hogar;Amor de Dios, Frases cristianas, Versículos bíblicos, Poemas de amor, Gratitud;"Poemas bíblicos del hogar que expresan el amor, la dedicación y la gracia que Dios derrama sobre cada familia creyente. Lee el poema completo en poemasbiblicos.github.io

#poemascristianos #poemasbiblicos #poemasbiblicosdelhogar #poemasdeamorcristianofamilia #amorenelhogarcristiano";https://poemasbiblicos.github.io/poemas/poemas-biblicos-del-hogar/
;5;10-10-2026;18:00;05 - Poemas para la Madre (9 pines);poemas-cristianos-para-el-dia-de-la-madre-1.png;Poemas para la Madre;Poemas Cristianos para el Día de la Madre;Día de la Madre, Frases para mamá, Poemas, Familia cristiana, Gratitud;"Poemas cristianos para el día de la madre: versos bíblicos para leer en la iglesia, dedicar en familia o regalar a mamá en su celebración. Lee el poema completo en poemasbiblicos.github.io

#poemascristianos #poemasbiblicos #poemascristianosparaeldiadelamadre #poemasdiadelamadreiglesia #versosbiblicosparamama";https://poemasbiblicos.github.io/poemas/poemas-cristianos-para-el-dia-de-la-madre/
;5;10-10-2026;21:00;05 - Poemas para la Madre (9 pines);poemas-cristianos-para-mama-1.png;Poemas para la Madre;Poemas Cristianos para Mamá;Día de la Madre, Frases para mamá, Poemas, Familia cristiana, Gratitud;"Poemas cristianos para mamá que puedes dedicarle hoy: versos bíblicos de gratitud, amor y bendición para decirle cuánto la quieres. Lee el poema completo en poemasbiblicos.github.io

#poemascristianos #poemasbiblicos #poemasparamamacristianos #poemaamamacristiana #graciasmamapoemascristianos";https://poemasbiblicos.github.io/poemas/poemas-cristianos-para-mama/
;4;11-10-2026;09:00;04 - Poemas Bíblicos de Amor (9 pines);poemas-de-agradecimiento-a-dios-2.png;Poemas Bíblicos de Amor;Poemas de Agradecimiento a Dios;Amor de Dios, Frases cristianas, Versículos bíblicos, Poemas de amor, Gratitud;"Poemas de agradecimiento a Dios por la vida, las bendiciones y su fidelidad: versos cristianos de gratitud para orar, leer o compartir. Lee el poema completo en poemasbiblicos.github.io

#poemascristianos #poemasbiblicos #poemasdeagradecimientoadios #graciasadiospoema #versosdegratitudcristiana";https://poemasbiblicos.github.io/poemas/poemas-de-agradecimiento-a-dios/
;4;11-10-2026;12:00;04 - Poemas Bíblicos de Amor (9 pines);poemas-amar-a-dios-3.png;Poemas Bíblicos de Amor;Poemas para Amar a Dios;Amor de Dios, Frases cristianas, Versículos bíblicos, Poemas de amor, Gratitud;"Poema cristiano sobre amar a Dios, la fe, la adoración y el amor bíblico inspirado en las Escrituras. Lee el poema completo en poemasbiblicos.github.io

#poemascristianos #poemasbiblicos #amaradios #poemacristiano #amorbiblico";https://poemasbiblicos.github.io/poemas/poemas-amar-a-dios/
;4;11-10-2026;15:00;04 - Poemas Bíblicos de Amor (9 pines);poemas-biblicos-del-hogar-3.png;Poemas Bíblicos de Amor;Poemas Bíblicos del Hogar;Amor de Dios, Frases cristianas, Versículos bíblicos, Poemas de amor, Gratitud;"Poemas bíblicos del hogar que expresan el amor, la dedicación y la gracia que Dios derrama sobre cada familia creyente. Lee el poema completo en poemasbiblicos.github.io

#poemascristianos #poemasbiblicos #poemasbiblicosdelhogar #poemasdeamorcristianofamilia #amorenelhogarcristiano";https://poemasbiblicos.github.io/poemas/poemas-biblicos-del-hogar/
;5;11-10-2026;18:00;05 - Poemas para la Madre (9 pines);poemas-madre-cristiana-1.png;Poemas para la Madre;Poemas Cristianos para la Madre;Día de la Madre, Frases para mamá, Poemas, Familia cristiana, Gratitud;"Diez poemas cristianos para la madre: versos bíblicos que honran su identidad, su fe y su amor, para leer o dedicar en cualquier día del año. Lee el poema completo en poemasbiblicos.github.io

#poemascristianos #poemasbiblicos #poemasbiblicos";https://poemasbiblicos.github.io/poemas/poemas-madre-cristiana/
;5;11-10-2026;21:00;05 - Poemas para la Madre (9 pines);poemas-cristianos-para-el-dia-de-la-madre-2.png;Poemas para la Madre;Poemas Cristianos para el Día de la Madre;Día de la Madre, Frases para mamá, Poemas, Familia cristiana, Gratitud;"Poemas cristianos para el día de la madre: versos bíblicos para leer en la iglesia, dedicar en familia o regalar a mamá en su celebración. Lee el poema completo en poemasbiblicos.github.io

#poemascristianos #poemasbiblicos #poemascristianosparaeldiadelamadre #poemasdiadelamadreiglesia #versosbiblicosparamama";https://poemasbiblicos.github.io/poemas/poemas-cristianos-para-el-dia-de-la-madre/
;4;12-10-2026;09:00;04 - Poemas Bíblicos de Amor (9 pines);poemas-de-agradecimiento-a-dios-3.png;Poemas Bíblicos de Amor;Poemas de Agradecimiento a Dios;Amor de Dios, Frases cristianas, Versículos bíblicos, Poemas de amor, Gratitud;"Poemas de agradecimiento a Dios por la vida, las bendiciones y su fidelidad: versos cristianos de gratitud para orar, leer o compartir. Lee el poema completo en poemasbiblicos.github.io

#poemascristianos #poemasbiblicos #poemasdeagradecimientoadios #graciasadiospoema #versosdegratitudcristiana";https://poemasbiblicos.github.io/poemas/poemas-de-agradecimiento-a-dios/
;5;12-10-2026;12:00;05 - Poemas para la Madre (9 pines);poemas-cristianos-para-mama-2.png;Poemas para la Madre;Poemas Cristianos para Mamá;Día de la Madre, Frases para mamá, Poemas, Familia cristiana, Gratitud;"Poemas cristianos para mamá que puedes dedicarle hoy: versos bíblicos de gratitud, amor y bendición para decirle cuánto la quieres. Lee el poema completo en poemasbiblicos.github.io

#poemascristianos #poemasbiblicos #poemasparamamacristianos #poemaamamacristiana #graciasmamapoemascristianos";https://poemasbiblicos.github.io/poemas/poemas-cristianos-para-mama/
;5;12-10-2026;15:00;05 - Poemas para la Madre (9 pines);poemas-madre-cristiana-2.png;Poemas para la Madre;Poemas Cristianos para la Madre;Día de la Madre, Frases para mamá, Poemas, Familia cristiana, Gratitud;"Diez poemas cristianos para la madre: versos bíblicos que honran su identidad, su fe y su amor, para leer o dedicar en cualquier día del año. Lee el poema completo en poemasbiblicos.github.io

#poemascristianos #poemasbiblicos #poemasbiblicos";https://poemasbiblicos.github.io/poemas/poemas-madre-cristiana/
;5;12-10-2026;18:00;05 - Poemas para la Madre (9 pines);poemas-cristianos-para-el-dia-de-la-madre-3.png;Poemas para la Madre;Poemas Cristianos para el Día de la Madre;Día de la Madre, Frases para mamá, Poemas, Familia cristiana, Gratitud;"Poemas cristianos para el día de la madre: versos bíblicos para leer en la iglesia, dedicar en familia o regalar a mamá en su celebración. Lee el poema completo en poemasbiblicos.github.io

#poemascristianos #poemasbiblicos #poemascristianosparaeldiadelamadre #poemasdiadelamadreiglesia #versosbiblicosparamama";https://poemasbiblicos.github.io/poemas/poemas-cristianos-para-el-dia-de-la-madre/
;6;12-10-2026;21:00;06 - Poemas Cristianos de Esperanza (6 pines);poema-para-tener-esperanza-1.png;Poemas Cristianos de Esperanza;Poema para Tener Esperanza;Esperanza, Frases de aliento, Fe en Dios, Versículos bíblicos, Poemas;"Poema cristiano de esperanza inspirado en la fe, la perseverancia y las promesas de Dios. Lee el poema completo en poemasbiblicos.github.io

#poemascristianos #poemasbiblicos #esperanza #fe #dios";https://poemasbiblicos.github.io/poemas/poema-para-tener-esperanza/
;5;13-10-2026;09:00;05 - Poemas para la Madre (9 pines);poemas-cristianos-para-mama-3.png;Poemas para la Madre;Poemas Cristianos para Mamá;Día de la Madre, Frases para mamá, Poemas, Familia cristiana, Gratitud;"Poemas cristianos para mamá que puedes dedicarle hoy: versos bíblicos de gratitud, amor y bendición para decirle cuánto la quieres. Lee el poema completo en poemasbiblicos.github.io

#poemascristianos #poemasbiblicos #poemasparamamacristianos #poemaamamacristiana #graciasmamapoemascristianos";https://poemasbiblicos.github.io/poemas/poemas-cristianos-para-mama/
;5;13-10-2026;12:00;05 - Poemas para la Madre (9 pines);poemas-madre-cristiana-3.png;Poemas para la Madre;Poemas Cristianos para la Madre;Día de la Madre, Frases para mamá, Poemas, Familia cristiana, Gratitud;"Diez poemas cristianos para la madre: versos bíblicos que honran su identidad, su fe y su amor, para leer o dedicar en cualquier día del año. Lee el poema completo en poemasbiblicos.github.io

#poemascristianos #poemasbiblicos #poemasbiblicos";https://poemasbiblicos.github.io/poemas/poemas-madre-cristiana/
;6;13-10-2026;15:00;06 - Poemas Cristianos de Esperanza (6 pines);poemas-del-hogar-cristiano-1.png;Poemas Cristianos de Esperanza;Poemas del Hogar Cristiano;Esperanza, Frases de aliento, Fe en Dios, Versículos bíblicos, Poemas;"Poemas del hogar cristiano que llenan de esperanza, fe y amor cada rincón de la familia creyente. Lee el poema completo en poemasbiblicos.github.io

#poemascristianos #poemasbiblicos #poemasdelhogarcristiano #poemacristianodelhogar #esperanzaenfamilia";https://poemasbiblicos.github.io/poemas/poemas-del-hogar-cristiano/
;6;13-10-2026;18:00;06 - Poemas Cristianos de Esperanza (6 pines);poema-para-tener-esperanza-2.png;Poemas Cristianos de Esperanza;Poema para Tener Esperanza;Esperanza, Frases de aliento, Fe en Dios, Versículos bíblicos, Poemas;"Poema cristiano de esperanza inspirado en la fe, la perseverancia y las promesas de Dios. Lee el poema completo en poemasbiblicos.github.io

#poemascristianos #poemasbiblicos #esperanza #fe #dios";https://poemasbiblicos.github.io/poemas/poema-para-tener-esperanza/
;7;13-10-2026;21:00;07 - Poemas Cristianos Sobre La Familia (6 pines);poemas-cristianos-para-la-familia-1.png;Poemas Cristianos Sobre La Familia;Poemas Cristianos para la Familia;Familia cristiana, Hogar, Versículos bíblicos, Frases cristianas, Oración en familia;"Poemas cristianos para la familia que celebran la unidad en Cristo, la permanencia en Dios y el consuelo en la pérdida, inspirados en las Escrituras. Lee el poema completo en poemasbiblicos.github.io

#poemascristianos #poemasbiblicos #familiacristiana #poemasparalafamilia #unidadfamiliar";https://poemasbiblicos.github.io/poemas/poemas-cristianos-para-la-familia/
;6;14-10-2026;09:00;06 - Poemas Cristianos de Esperanza (6 pines);poemas-del-hogar-cristiano-2.png;Poemas Cristianos de Esperanza;Poemas del Hogar Cristiano;Esperanza, Frases de aliento, Fe en Dios, Versículos bíblicos, Poemas;"Poemas del hogar cristiano que llenan de esperanza, fe y amor cada rincón de la familia creyente. Lee el poema completo en poemasbiblicos.github.io

#poemascristianos #poemasbiblicos #poemasdelhogarcristiano #poemacristianodelhogar #esperanzaenfamilia";https://poemasbiblicos.github.io/poemas/poemas-del-hogar-cristiano/
;6;14-10-2026;12:00;06 - Poemas Cristianos de Esperanza (6 pines);poema-para-tener-esperanza-3.png;Poemas Cristianos de Esperanza;Poema para Tener Esperanza;Esperanza, Frases de aliento, Fe en Dios, Versículos bíblicos, Poemas;"Poema cristiano de esperanza inspirado en la fe, la perseverancia y las promesas de Dios. Lee el poema completo en poemasbiblicos.github.io

#poemascristianos #poemasbiblicos #esperanza #fe #dios";https://poemasbiblicos.github.io/poemas/poema-para-tener-esperanza/
;7;14-10-2026;15:00;07 - Poemas Cristianos Sobre La Familia (6 pines);poemas-cristianos-sobre-la-union-familiar-1.png;Poemas Cristianos Sobre La Familia;Poemas Cristianos sobre la Unión Familiar;Familia cristiana, Hogar, Versículos bíblicos, Frases cristianas, Oración en familia;"Poemas cristianos sobre la unión familiar que celebran la fe, el amor y la unidad del hogar inspirados en las Escrituras. Lee el poema completo en poemasbiblicos.github.io

#poemascristianos #poemasbiblicos #poemascristianossobrelaunionfamiliar #poemasbiblicosdelhogar #familiacristiana";https://poemasbiblicos.github.io/poemas/poemas-cristianos-sobre-la-union-familiar/
;7;14-10-2026;18:00;07 - Poemas Cristianos Sobre La Familia (6 pines);poemas-cristianos-para-la-familia-2.png;Poemas Cristianos Sobre La Familia;Poemas Cristianos para la Familia;Familia cristiana, Hogar, Versículos bíblicos, Frases cristianas, Oración en familia;"Poemas cristianos para la familia que celebran la unidad en Cristo, la permanencia en Dios y el consuelo en la pérdida, inspirados en las Escrituras. Lee el poema completo en poemasbiblicos.github.io

#poemascristianos #poemasbiblicos #familiacristiana #poemasparalafamilia #unidadfamiliar";https://poemasbiblicos.github.io/poemas/poemas-cristianos-para-la-familia/
;8;14-10-2026;21:00;08 - Biblical Poems for Mothers Day (3 pines);biblical-mothers-day-poems-1.png;Biblical Poems for Mothers Day;Ten Biblical Poems for Mother's Day;Mothers Day, Christian quotes, Bible verses, Poems, Faith;"Beautiful biblical poems for Mother's Day. Lee el poema completo en poemasbiblicos.github.io

#poemascristianos #poemasbiblicos #biblicalpoems #motherday";https://poemasbiblicos.github.io/poemas/biblical-mothers-day-poems/
;6;15-10-2026;09:00;06 - Poemas Cristianos de Esperanza (6 pines);poemas-del-hogar-cristiano-3.png;Poemas Cristianos de Esperanza;Poemas del Hogar Cristiano;Esperanza, Frases de aliento, Fe en Dios, Versículos bíblicos, Poemas;"Poemas del hogar cristiano que llenan de esperanza, fe y amor cada rincón de la familia creyente. Lee el poema completo en poemasbiblicos.github.io

#poemascristianos #poemasbiblicos #poemasdelhogarcristiano #poemacristianodelhogar #esperanzaenfamilia";https://poemasbiblicos.github.io/poemas/poemas-del-hogar-cristiano/
;7;15-10-2026;12:00;07 - Poemas Cristianos Sobre La Familia (6 pines);poemas-cristianos-sobre-la-union-familiar-2.png;Poemas Cristianos Sobre La Familia;Poemas Cristianos sobre la Unión Familiar;Familia cristiana, Hogar, Versículos bíblicos, Frases cristianas, Oración en familia;"Poemas cristianos sobre la unión familiar que celebran la fe, el amor y la unidad del hogar inspirados en las Escrituras. Lee el poema completo en poemasbiblicos.github.io

#poemascristianos #poemasbiblicos #poemascristianossobrelaunionfamiliar #poemasbiblicosdelhogar #familiacristiana";https://poemasbiblicos.github.io/poemas/poemas-cristianos-sobre-la-union-familiar/
;7;15-10-2026;15:00;07 - Poemas Cristianos Sobre La Familia (6 pines);poemas-cristianos-para-la-familia-3.png;Poemas Cristianos Sobre La Familia;Poemas Cristianos para la Familia;Familia cristiana, Hogar, Versículos bíblicos, Frases cristianas, Oración en familia;"Poemas cristianos para la familia que celebran la unidad en Cristo, la permanencia en Dios y el consuelo en la pérdida, inspirados en las Escrituras. Lee el poema completo en poemasbiblicos.github.io

#poemascristianos #poemasbiblicos #familiacristiana #poemasparalafamilia #unidadfamiliar";https://poemasbiblicos.github.io/poemas/poemas-cristianos-para-la-familia/
;8;15-10-2026;18:00;08 - Biblical Poems for Mothers Day (3 pines);biblical-mothers-day-poems-2.png;Biblical Poems for Mothers Day;Ten Biblical Poems for Mother's Day;Mothers Day, Christian quotes, Bible verses, Poems, Faith;"Beautiful biblical poems for Mother's Day. Lee el poema completo en poemasbiblicos.github.io

#poemascristianos #poemasbiblicos #biblicalpoems #motherday";https://poemasbiblicos.github.io/poemas/biblical-mothers-day-poems/
;9;15-10-2026;21:00;09 - Poemas Cristianos Para Adolescentes (3 pines);como-el-viento-que-pasa-manos-que-no-sueltan-1.png;Poemas Cristianos Para Adolescentes;Como el Viento que Pasa;Adolescentes cristianos, Frases para jóvenes, Fe en Dios, Poemas, Identidad;"Poemas cristianos para adolescentes sobre identidad, emociones y crecimiento espiritual. Lee el poema completo en poemasbiblicos.github.io

#poemascristianos #poemasbiblicos #adolescentescristianos #poemasparaadolescentes #identidadcristiana";https://poemasbiblicos.github.io/poemas/como-el-viento-que-pasa-manos-que-no-sueltan/
;7;16-10-2026;09:00;07 - Poemas Cristianos Sobre La Familia (6 pines);poemas-cristianos-sobre-la-union-familiar-3.png;Poemas Cristianos Sobre La Familia;Poemas Cristianos sobre la Unión Familiar;Familia cristiana, Hogar, Versículos bíblicos, Frases cristianas, Oración en familia;"Poemas cristianos sobre la unión familiar que celebran la fe, el amor y la unidad del hogar inspirados en las Escrituras. Lee el poema completo en poemasbiblicos.github.io

#poemascristianos #poemasbiblicos #poemascristianossobrelaunionfamiliar #poemasbiblicosdelhogar #familiacristiana";https://poemasbiblicos.github.io/poemas/poemas-cristianos-sobre-la-union-familiar/
;8;16-10-2026;12:00;08 - Biblical Poems for Mothers Day (3 pines);biblical-mothers-day-poems-3.png;Biblical Poems for Mothers Day;Ten Biblical Poems for Mother's Day;Mothers Day, Christian quotes, Bible verses, Poems, Faith;"Beautiful biblical poems for Mother's Day. Lee el poema completo en poemasbiblicos.github.io

#poemascristianos #poemasbiblicos #biblicalpoems #motherday";https://poemasbiblicos.github.io/poemas/biblical-mothers-day-poems/
;9;16-10-2026;15:00;09 - Poemas Cristianos Para Adolescentes (3 pines);como-el-viento-que-pasa-manos-que-no-sueltan-2.png;Poemas Cristianos Para Adolescentes;Como el Viento que Pasa;Adolescentes cristianos, Frases para jóvenes, Fe en Dios, Poemas, Identidad;"Poemas cristianos para adolescentes sobre identidad, emociones y crecimiento espiritual. Lee el poema completo en poemasbiblicos.github.io

#poemascristianos #poemasbiblicos #adolescentescristianos #poemasparaadolescentes #identidadcristiana";https://poemasbiblicos.github.io/poemas/como-el-viento-que-pasa-manos-que-no-sueltan/
;10;16-10-2026;18:00;10 - Poemas Cristianos para Jóvenes (3 pines);poemas-jovenes-1.png;Poemas Cristianos para Jóvenes;Poemas Cristianos para Jóvenes;Jóvenes cristianos, Frases cristianas, Fe en Dios, Poemas, Propósito;"Poemas cristianos para jóvenes con imágenes bíblicas de fuego, camino y llamado para el alma joven que busca su identidad en Cristo. Lee el poema completo en poemasbiblicos.github.io

#poemascristianos #poemasbiblicos #poemasparajovenes #poemascristianosparajovenes #poemasbiblicosparajovenes";https://poemasbiblicos.github.io/poemas/poemas-jovenes/
;11;16-10-2026;21:00;11 - Poemas Cristianos para la Mujer (3 pines);poemas-para-la-esposa-cristiana-1.png;Poemas Cristianos para la Mujer;Poemas para la Esposa Cristiana;Mujer cristiana, Proverbios 31, Frases cristianas, Versículos bíblicos, Fe;"Poemas para la esposa cristiana que celebran su fe, su amor y su lugar en el hogar como mujer creyente a la luz de las Escrituras. Lee el poema completo en poemasbiblicos.github.io

#poemascristianos #poemasbiblicos #poemasparalaesposacristiana #poemacristianoparalaesposafiel #mujercreyenteenelhogar";https://poemasbiblicos.github.io/poemas/poemas-para-la-esposa-cristiana/
;9;17-10-2026;09:00;09 - Poemas Cristianos Para Adolescentes (3 pines);como-el-viento-que-pasa-manos-que-no-sueltan-3.png;Poemas Cristianos Para Adolescentes;Como el Viento que Pasa;Adolescentes cristianos, Frases para jóvenes, Fe en Dios, Poemas, Identidad;"Poemas cristianos para adolescentes sobre identidad, emociones y crecimiento espiritual. Lee el poema completo en poemasbiblicos.github.io

#poemascristianos #poemasbiblicos #adolescentescristianos #poemasparaadolescentes #identidadcristiana";https://poemasbiblicos.github.io/poemas/como-el-viento-que-pasa-manos-que-no-sueltan/
;10;17-10-2026;12:00;10 - Poemas Cristianos para Jóvenes (3 pines);poemas-jovenes-2.png;Poemas Cristianos para Jóvenes;Poemas Cristianos para Jóvenes;Jóvenes cristianos, Frases cristianas, Fe en Dios, Poemas, Propósito;"Poemas cristianos para jóvenes con imágenes bíblicas de fuego, camino y llamado para el alma joven que busca su identidad en Cristo. Lee el poema completo en poemasbiblicos.github.io

#poemascristianos #poemasbiblicos #poemasparajovenes #poemascristianosparajovenes #poemasbiblicosparajovenes";https://poemasbiblicos.github.io/poemas/poemas-jovenes/
;11;17-10-2026;15:00;11 - Poemas Cristianos para la Mujer (3 pines);poemas-para-la-esposa-cristiana-2.png;Poemas Cristianos para la Mujer;Poemas para la Esposa Cristiana;Mujer cristiana, Proverbios 31, Frases cristianas, Versículos bíblicos, Fe;"Poemas para la esposa cristiana que celebran su fe, su amor y su lugar en el hogar como mujer creyente a la luz de las Escrituras. Lee el poema completo en poemasbiblicos.github.io

#poemascristianos #poemasbiblicos #poemasparalaesposacristiana #poemacristianoparalaesposafiel #mujercreyenteenelhogar";https://poemasbiblicos.github.io/poemas/poemas-para-la-esposa-cristiana/
;12;17-10-2026;18:00;12 - Poemas para Niños (3 pines);poemas-para-ninos-cristianos-1.png;Poemas para Niños;Poemas Cristianos para Niños;Niños cristianos, Escuela dominical, Poemas infantiles, Enseñanza bíblica, Fe;"Poemas cristianos para niños con enseñanzas bíblicas sobre el amor de Dios, la confianza y la alegría de caminar con Jesús, listos para leer en casa o en la escuela dominical. Lee el poema completo en poemasbiblicos.github.io

#poemascristianos #poemasbiblicos #poemascristianosparaninos #poemasinfantilescristianos #versosbiblicosparaninos";https://poemasbiblicos.github.io/poemas/poemas-para-ninos-cristianos/
;10;17-10-2026;21:00;10 - Poemas Cristianos para Jóvenes (3 pines);poemas-jovenes-3.png;Poemas Cristianos para Jóvenes;Poemas Cristianos para Jóvenes;Jóvenes cristianos, Frases cristianas, Fe en Dios, Poemas, Propósito;"Poemas cristianos para jóvenes con imágenes bíblicas de fuego, camino y llamado para el alma joven que busca su identidad en Cristo. Lee el poema completo en poemasbiblicos.github.io

#poemascristianos #poemasbiblicos #poemasparajovenes #poemascristianosparajovenes #poemasbiblicosparajovenes";https://poemasbiblicos.github.io/poemas/poemas-jovenes/
;11;18-10-2026;09:00;11 - Poemas Cristianos para la Mujer (3 pines);poemas-para-la-esposa-cristiana-3.png;Poemas Cristianos para la Mujer;Poemas para la Esposa Cristiana;Mujer cristiana, Proverbios 31, Frases cristianas, Versículos bíblicos, Fe;"Poemas para la esposa cristiana que celebran su fe, su amor y su lugar en el hogar como mujer creyente a la luz de las Escrituras. Lee el poema completo en poemasbiblicos.github.io

#poemascristianos #poemasbiblicos #poemasparalaesposacristiana #poemacristianoparalaesposafiel #mujercreyenteenelhogar";https://poemasbiblicos.github.io/poemas/poemas-para-la-esposa-cristiana/
;12;18-10-2026;12:00;12 - Poemas para Niños (3 pines);poemas-para-ninos-cristianos-2.png;Poemas para Niños;Poemas Cristianos para Niños;Niños cristianos, Escuela dominical, Poemas infantiles, Enseñanza bíblica, Fe;"Poemas cristianos para niños con enseñanzas bíblicas sobre el amor de Dios, la confianza y la alegría de caminar con Jesús, listos para leer en casa o en la escuela dominical. Lee el poema completo en poemasbiblicos.github.io

#poemascristianos #poemasbiblicos #poemascristianosparaninos #poemasinfantilescristianos #versosbiblicosparaninos";https://poemasbiblicos.github.io/poemas/poemas-para-ninos-cristianos/
;12;18-10-2026;15:00;12 - Poemas para Niños (3 pines);poemas-para-ninos-cristianos-3.png;Poemas para Niños;Poemas Cristianos para Niños;Niños cristianos, Escuela dominical, Poemas infantiles, Enseñanza bíblica, Fe;"Poemas cristianos para niños con enseñanzas bíblicas sobre el amor de Dios, la confianza y la alegría de caminar con Jesús, listos para leer en casa o en la escuela dominical. Lee el poema completo en poemasbiblicos.github.io

#poemascristianos #poemasbiblicos #poemascristianosparaninos #poemasinfantilescristianos #versosbiblicosparaninos";https://poemasbiblicos.github.io/poemas/poemas-para-ninos-cristianos/
